0,奇经八脉中既称“血海”又称“经脉之海”的是什么？,冲脉,任脉,督脉,带脉,维脉,A,A
1,与血液运行关系最为密切的脏是什么？,肝,心,脾,肺,肾,B,B
2,具有滑利关节、补益脑髓作用的是什么？,气,血,津,液,精,D,D
3,气随血脱的生理基础为什么？,气能生血,气能行血,气能摄血,血能载气,以上均非,D,E
4,治疗血虚证时配伍补气药的理论依据是什么？,气能生血,气能行血,气能摄血,血能载气,血能养气,A,A
5,“吐下之余定无完气”的理论依据为什么？,气能生津,气能行津,气能化津,气能摄津,津能载气,E,D
6,“夺血者无汗，夺汗者无血”的理论依据为什么？,气能生血,气能行血,气能生津,气能行津,津血同源,E,E
7,经络系统的组成是什么？,十二经脉、奇经八脉、经筋、皮部,经脉、络脉、经筋、皮部,经脉、别络、经筋、皮部,经脉、经别、经筋、皮部,正经、奇经、经别、皮部,B,A
8,手三阴经的走向是什么？,胸走手,手走头,头走足,足走腹,腹走头,A,A
9,足三阳经的走向是什么？,胸走手,手走头,头走足,足走腹,手走胸,C,C
10,手少阳三焦经的走向是什么？,胸走手,手走头,头走足,足走腹,手走胸,B,A
11,十二经脉大多循行于哪里？,体表,分肉之间,四肢,躯干,头面,B,A
12,与足太阴经相表里的经脉是什么？,足太阳,足阳明,足少阳,手少阳,手太阳,B,C
13,手厥阴经络循行于哪里？,胆,胃,小肠,膀胱,三焦,E,E
14,足少阴经络循行于哪里？,胆,胃,大肠,小肠,膀胱,D,E
15,手厥阴心包经分布在哪个部位？,上肢内侧前缘,上肢内侧中线,上肢内侧后缘,上肢外侧前缘,上肢外侧后缘,B,A
16,足太阳经分布在哪个部位？,下肢外侧前缘,下肢外侧中线,下肢外侧后缘,上肢外侧前缘,上肢外侧后缘,C,A
17,上肢内侧后缘分布的经脉是什么？,手太阴肺经,手阳明大肠经,手厥阴心包经,手少阳三焦经,手少阴心经,E,A
18,下肢外侧中线分布的经脉是什么？,足阳明胃经,足太阴脾经,足少阳胆经,足厥阴肝经,足太阳膀胱经,C,C
19,下肢内踝上八寸以下内侧前缘分布的经脉是什么？,足太阴脾经,足阳明胃经,足少阴肾经,足太阳膀胱经,足厥阴肝经,E,C
20,少阴经头痛的特征是什么？,前额连眉棱骨痛,两侧太阳穴处痛,后头部连项痛,头痛连齿,头痛晕沉,D,C
21,腹部经脉由内而外排列的顺序是什么？,足厥阴、足少阴、足阳明、足太阳,足少阴、足阳明、足太阳、足太阴,足阳明、足少阴、足太阳、足厥阴,足太阴、足阳明、足少阴、足厥阴,足少阴、足阳明、足太阴、足厥阴,E,E
22,足阳明胃经在何处交于何经？,在食指端交手阳明大肠经,在目内眦交足少阳胆经,在足大趾交足厥阴肝经,在足大趾交足太阴脾经,在足小趾交足少阴肾经,D,A
23,被称为“一源而三歧”的经脉是什么？,督、任、冲,督、冲、带,任、冲、带,督、冲、阳维,带、阳维、阴维,A,A
24,循行于上肢外侧中线的经脉是什么？,手少阴心经,手厥阴心包经,手太阳小肠经,手少阳三焦经,手太阴肺经,D,C
25,具有“离、合、出、入”循行特点的是什么？,十二经脉,奇经八脉,十二经筋,十五别络,十二经别,E,E
26,具有约束骨骼，主司关节运动作用的是什么？,十二经脉,奇经八脉,十二经筋,十五别络,十二经别,C,C
27,加强表里两经在体表联系的是什么？,十五别络,十二经脉,十二经别,十二经筋,奇经八脉,A,C
28,十五别络的组成是什么？,十二经脉别络加上督、冲、任三脉的别络,十二经脉别络加上脾、胃大络和冲脉别络,十二经脉别络加上脾之大络和督脉、任脉的别络,十二经脉别络加上胃之大络和督脉、冲脉的别络,以上都不是,C,A
29,风邪致病具有发病急、变化快的特点，主要与其哪种性质相关？,风为阳邪,风性轻扬,风性善行,风性数变,风性主动,D,C
30,具有“收引”特性的邪气是什么？,风,寒,湿,燥,火,B,B
31,具有“易夹湿”特性的邪气为？,风,寒,暑,湿,燥,C,D
32,易耗气伤津的邪气为？,风,寒,暑,湿,燥,C,C
33,易袭阴位的邪气是？,风,寒,暑,湿,燥,D,B
34,易于伤肺的邪气是？,风,暑,湿,燥,寒,D,D
35,易于生风的邪气是？,风,寒,湿,燥,火,E,E
36,其性开泄的邪气是？,风,寒,湿,燥,火,A,C
37,易于引起出血的邪气是？,风,暑,湿,燥,火,E,D
38,六淫邪气侵犯人体最易引起疼痛的邪气是？,风,燥,湿,寒,火,D,A
39,六淫邪气中纯属外邪的是？,风,寒,暑,湿,火,C,A
40,六淫邪气致病出现关节疼痛，游走不定者与哪个邪气关系密切？,风,暑,湿,燥,寒,A,A
41,六淫邪气中具有明显季节性的是？,风,寒,暑,湿,火,C,C
42,最易引起疮疡的邪气是？,风,寒,湿,燥,火,E,E
43,湿邪致病，缠绵难愈是因为？,湿为阴邪，易阻遏气机,湿为阴邪，伤人阳气,湿性重浊，不易祛除,湿性黏滞，不易祛除,湿性趋下，为病缠绵,D,E
44,致病后引起人体分泌物、排泄物秽浊不清的邪气是？,风,寒,暑,湿,火,D,D
45,致病后可导致肢体屈伸不利，头身疼痛的邪气是？,风,寒,湿,燥,火,B,C
46,致病后可导致肢体困重，头重如裹的邪气是？,风,寒,湿,燥,火,C,C
47,下列哪一项为暑、燥、火三邪的共同致病特点？,开泄,伤津,耗气,动血,生风,B,B
48,风邪的致病特点是？,黏滞,凝滞,升散,数变,炎热,D,C
49,寒邪的致病特点是？,开泄,凝滞,黏滞,重浊,善行,B,B
50,暑邪的致病特点为？,开泄,黏滞,收引,升散,趋下,D,D
51,湿邪的致病特点为？,善行,凝滞,炎热,重浊,生风,D,D
52,火热邪气的致病特点是？,炎上,开泄,黏滞,凝滞,升散,A,E
53,被称作“百病之长”的邪气是？,风,暑,湿,燥,寒,A,E
54,致病后可见于咳或痰少而黏，不易咯出，或痰中带血的邪气是？,风,暑,湿,燥,寒,D,D
55,暑邪伤人见气短、乏力的表现，是由于？,暑为阳邪，其性炎热,暑邪伤人，损伤脾胃,暑易夹湿，气机不畅,暑邪伤人，损伤津液,暑性升散，最易耗气,E,E
56,疠气与六淫邪气最主要的区别是？,发病与季节有关,发病与地区有关,病情重笃,发病急骤,传染性强,E,E
57,七情致病影响脏腑气机，下述哪项是错误的？,怒则气上,喜则气缓,悲则气消,思则气结,恐则气乱,E,B
58,七情致病最易损伤哪几个脏？,心肝肾,肺脾肾,肝脾肾,心肺脾,心肝脾,E,A
59,七情影响脏腑气机，怒则？,气上,气下,气消,气结,气缓,A,A
60,七情影响脏腑气机，思则？,气上,气下,气结,气缓,气乱,C,C
61,七情影响脏腑气机，喜则？,气上,气下,气结,气缓,气消,D,A
62,七情影响脏腑气机，悲则？,气上,气下,气结,气乱,气消,E,A
63,七情影响脏腑气机，恐则？,气上,气下,气结,气乱,气消,B,B
64,“通调水道”依赖于肺的哪项功能？,主一身之气,司呼吸之气,朝百脉,主治节,主宣发、肃降,E,D
65,可引起二便失禁、骨酸痿软、遗精等表现的情志异常是？,过度悲伤,过度愤怒,突然受惊,喜乐过度,恐惧过度,E,D
66,饮食五味失宜，引起“脉凝泣而变色”的是？,多食咸,多食酸,多食苦,多食甘,多食辛,A,A
67,饮食五味偏嗜，引起“骨痛而发落”的原因是？,多食咸,多食苦,多食酸,多食甘,多食辛,D,A
68,饮食五味偏嗜，引起“皮槁而毛拔”的原因是？,多食咸,多食苦,多食酸,多食辛,多食甘,B,A
69,劳力过度，则损伤？,气,血,津,液,精,A,B
70,劳神过度易伤？,心肝,肝肾,脾肾,心脾,脾肺,D,A
71,房劳过度耗伤？,心神,肝血,肺阴,脾气,肾精,E,E
72,饮在胸胁，咳逆引痛者称为？,痰饮,支饮,悬饮,溢饮,留饮,C,B
73,饮在肠间，沥沥有声者称为？,痰饮,悬饮,支饮,溢饮,积饮,A,B
74,痰停于哪个部位可出现眩晕、昏冒？,心,肺,头,咽,胃,C,B
75,瘀血的病症特点，哪种说法不够准确？,刺痛,胀痛,出血,瘀斑,痞块,B,B
76,除哪项外，下列皆可为血瘀的病因？,气虚,气滞,血寒,饮食停滞,外伤,D,D
77,瘀血所导致的出血特点是？,血色浅淡,血色暗红，或有血块,血色鲜红,伴有腹部胀痛,以上都不是,B,B
78,瘀血所致的疼痛特点是？,疼痛白天加重,疼痛日晡加重,疼痛在午间加重,疼痛在夜间加重,以上都不是,D,D
79,肌肤甲错，多见于哪种病证？,气滞,血寒,血热,血虚,血瘀,E,C
80,气滞血瘀多与何脏腑的生理功能异常密切相关？,肺,脾,肾,三焦,以上都不是,E,C
81,下列哪种脏腑气机失调容易导致结石形成？,脾胃气滞,肝胆气滞,肾气下泄,肺气壅塞,胃肠气滞,B,C
82,结石的致病特点是？,疼痛以刺痛为主,舌苔多滑腻,症状位置不固定,容易阻滞气机，损伤脉络,致病广泛，变化多端,D,D
83,药物中毒，其发病类型多为？,感邪即发,伏而后发,徐发,继发,复发,A,B
84,在发病过程中，邪气的作用如何？,决定是否发病,决定着疾病的性质,发病的决定因素,发病的重要条件,以上都不是,D,A
85,正气的强弱主要与什么有关？,居住的地域条件,工作环境,精神状态,气候变化,以上都不是,C,C
86,“正气存内，邪不可干”的意义是？,邪气是发病的重要条件,邪气伤人，正气必然受损,正气充足，与邪抗争，驱邪外出,正气旺盛，邪气难以入侵,以上都不是,D,D
87,“邪之所凑，其气必虚”的意思主要是指？,邪气伤人，必伤人体的正气,邪气是发病的重要条件,正气不足，邪气易于侵犯人体,正气不足，邪气亢盛,以上都不是,C,A
88,促使疾病向恶化或死亡等不良结局转化的病理因素是？,正邪相争剧烈,正虚邪恋,正气衰竭，邪气独盛,正气不足，邪气亦衰,邪去而正不复,C,C
89,体质因素与发病的关系主要体现在？,决定病情的轻重,决定病变的部位,决定对某些病邪的易感受性,决定邪正盛衰变化,以上都不是,C,C
90,外感风寒化热，与下列哪种因素密切相关？,居住环境,气候特点,饮食不节,体质因素,以上都不是,D,B
91,导致病证虚实的主要机制是？,气血的盛衰变化,气机升降出入的失调,阴精与阳气的偏盛偏衰,正气与邪气的消长盛衰,脏腑功能活动的盛衰变化,D,D
92,虚证的概念是？,以正气不足，抗病能力低下为主的病理反映,正气不足，邪气亢盛的病理变化,邪气亢盛，正气日衰，脏腑功能减退的病理反映,正虚邪恋的病理反映,以上都不是,A,A
93,下列哪项为实证的临床表现？,二便失禁,神疲体倦,五心烦热,面容憔悴,以上都不是,E,C
94,“大实有赢状”的病机是？,邪气亢盛，正气衰败,脏腑气血虚极,实邪结聚，阻滞经络，气血不能外达,邪热炽盛，煎熬津液，阴精大伤,疾病初期，正邪交争过于激烈,C,C
95,导致“至虚有盛候”的病机主要是？,正气不足，抗病能力减退，邪气亢盛,脏腑气血虚极，运化无力，外现实象,阴精和阳气衰竭，外邪侵袭,脏腑功能减退，饮食积聚,内生五邪之病理反映,B,A
96,由于实邪结聚，阻滞经络，出现气血不能外达的病理状态，其病机为？,由实转虚,虚实夹杂,真虚假实,真实假虚,因虚致实,D,E
97,阴阳失调中，阴阳偏衰以哪脏为根本？,肝,脾,心,肾,肺,D,D
98,无论阴虚或阳虚，多在损及哪一脏时才容易发生阴阳互损？,心,肝,脾,肺,以上都不是,E,E
99,阳偏衰的病机.主要是指？,阳气虚损，功能减退，热量不足,阳虚则气衰，阴寒之邪内盛,阴邪侵袭，伤及阳气，阴盛阳衰,阳气虚亏，导致精血津液不足,阴寒内盛，遏抑阳气，阳气不伸,A,A
100,所谓“寒从中生”病机，主要是指？,寒邪伤人，影响脏腑功能,寒邪直中脾胃，伤及阳气,阳气虚衰，温煦气化功能减退,恣食生冷，内脏受寒,寒邪从肌表而人，渐侵脏腑,C,C
101,下列关于“实”的病机概念叙述错误的是,外感邪盛,肌肤经络闭塞,气机升降失调,脏腑功能亢进,气血壅滞瘀结,C,D
102,昼夜分阴阳，则上午为,阴中之阳,阳中之阳,阳中之阴,阴中之阴,阴中之至阴,B,B
103,有机整体的“中心”是,脑,心,五脏,经络,神,C,B
104,有机整体的“主宰”是,脑,心,神,经络,精,B,C
105,属中医学基本特点的确切表述是,天人合一,天人相应,整体观念,人是整体,以上都不是,C,C
106,“证”的基本含义是,疾病过程的症状总和,疾病过程的体征总和,对症状的调查过程,疾病过程的病因病性,疾病发展过程中某一阶段的病理概括,E,E
107,属中医学基本特点的确切表述是,辨症论治,辨症施治,异病同治,防重于治,辨证论治,E,E
108,下列表述中属于证的是,水痘,麻疹,风寒表证,头痛,恶寒,C,C
109,下列表述中属于症的是,肺痈,消渴,肝阳上亢,心血亏虚,恶寒,E,A
110,中医学的基本特点是,整体观念和阴阳五行,四诊八纲和辨证论治,同病异治和异病同治,整体观念和辨证论治,阴阳五行和五运六气,D,D
111,下列阴和阳的概念中，最确切的是,阴和阳是中国古代的两点论,阴和阳即是矛盾,阴和阳代表对立的事物,阴和阳代表对立又相互关联的事物属性,阴和阳说明相互关联着的事件,D,D
112,属于阳的事物或现象是,下降,静止,涩脉,洪脉,面色晦暗,D,D
113,《内经》所谓阴阳属性的“征兆”是,日与月,天与地,水与火,升与降,左与右,C,B
114,属于“阴中之阳”的时间是,上午,中午,下午,前半夜,后半夜,E,A
115,中医学整体观念的内涵是,人体是一个有机整体,自然界是一个整体,时令晨昏对人体有影响,五脏与六腑是一个整体,人体是一个整体，人和自然界相互统一,E,E
116,属“阳中之阳”的时间是,上午,下午,前半夜,中午,后半夜,A,D
117,属“阴中之阴”的时间是,上午,中午,下午,前半夜,后半夜,D,D
118,“动极镇之以静”，主要说明的阴阳关系是,阴阳相互转化,阴阳互根互用,阴阳相互消长,阴阳对立制约,阴阳相对平衡,D,D
119,“阴在内，阳之守也”主要说明的阴阳关系是,阴阳交感关系,阴阳互根关系,阴阳对立关系,阴阳消长关系,阴阳转化关系,B,B
120,“阴胜则阳病”主要说明的阴阳关系是,阴阳转化,阴阳对立,阴阳互根,阴阳消长,阴阳交感,B,B
121,“寒极生热”主要说明的阴阳关系是,阴阳交感,阴阳对立,阴阳互根,阴阳消长,阴阳转化,E,E
122,“阴平阳秘，精神乃治”，是阴阳之间什么关系的正常,阴阳对立与制约,阴阳对立与消长,阴阳互根与平衡,阴阳消长与平衡,阴阳消长与转化,B,C
123,“阴中求阳”的理论依据是,阴阳相互转化,阴阳互根互用,阴阳相互消长,阴阳对立制约,阴阳动态平衡,B,B
124,“热者寒之”说明了阴阳之间的何种关系,阴阳交感,阴阳互根,阴阳对立,阴阳消长,阴阳转化,C,C
125,“重阴必阳”说明了阴阳之间的何种关系,阴阳交感,阴阳互根,阴阳对立,阴阳消长,阴阳转化,E,E
126,“阴损及阳”说明了阴阳之间的何种关系,阴阳交感,阴阳互根,阴阳对立,阴阳消长,阴阳转化,B,B
127,“无阴则阳无以化”说明了阴阳之间的何种关系,阴阳交感,阴阳互根,阴阳对立,阴阳消长,阴阳转化,B,B
128,“阴阳离决，精神乃绝”是指,阴阳平衡关系的破坏,阴阳对立关系的破坏,阴阳互根关系的破坏,阴阳消长关系的破坏,阴阳转化关系的破坏,C,E
129,可用阴阳对立制约解释的是,寒极生热,阴损及阳,阳胜伤阴,重阴必阳,阴中求阳,C,A
130,阴阳转化是,有条件的,无条件的,绝对的,相对的,必然的,A,C
131,“孤阴不生，独阳不长”主要属于何种阴阳关系,对立,互根,消长,转化,平衡,B,B
132,可用阴阳互根互用解释的是,寒极生热,阴病治阳,寒者热之,重阴必阳,阴中求阳,E,E
133,肺的阴阳属性是,阳中之阳,阳中之阴,阴中之阳,阴中之阴,阴中之至阴,B,D
134,心的阴阳属性是,阴中之阴,阴中之阳,阳中之阴,阳中之阳,阴中之至阴,D,D
135,脾的阴阳属性是,阴中之阴,阴中之阳,阴中之至阴,阳中之阳,阳中之阴,C,C
136,肝的阴阳属性是,阳中之阳,阳中之阴,阴中之阴,阴中之阳,阴中之至阴,D,C
137,肾的阴阳属性是,阴中之阴,阴中之阳,阴中之至阴,阳中之阳,阳中之阴,A,C
138,最易导致实热证的阴阳失调是,阳偏胜,阳偏衰,阴偏胜,阴偏衰,阴胜阳病,A,C
139,导致虚热证的阴阳失调是,阳偏盛,阳偏衰,阴偏盛,阴偏衰,阴盛阳病,D,C
140,在阴阳失调中，最易导致实寒证的是,阳偏盛,阴偏盛,阳盛格阴,阳损及阴,阳胜阴病,B,A
141,适合治疗阴偏衰的治法是,阳病治阴,阴病治阳,阴中求阳,阳病治阳,阴病治阴,A,C
142,适合治疗阳偏衰的治法是,阴病治阳,阳病治阴,阴病治阴,阳病治阳,以上均非,A,D
143,《尚书·洪范》认为五行中“木”的特性是,炎上,润下,稼穑,曲直,从革,D,D
144,五行中“土”的特性是,炎上,稼穑,从革,润下,曲直,B,B
145,按五行属性分类，五化属土者是,生,长,化,收,藏,C,C
146,五行中具有“润下”特性的是,水,火,木,金,土,A,C
147,五行中，具有“从革”特性的是,金,木,水,火,土,A,A
148,五行中具有“曲直”特性的是,木,火,土,金,水,A,A
149,属五行之“火”的音是,宫音,角音,商音,徵音,羽音,D,D
150,下列事物，除哪项外都属于五行之“土”,宫音,哕,胃,湿,呼,E,E
151,五行中，属木的脏是,心,肺,脾,肝,肾,D,D
152,五行中，属火的腑是,胆,胃,小肠,大肠,三焦,C,C
153,“怒”的五行属性是,木,火,土,金,水,A,A
154,“唾”的五行属性是,水,土,火,木,金,A,A
155,“骨”的五行属性是,水,火,土,木,金,A,E
156,“耳”的五行属性是,木,火,土,金,水,E,E
157,“爪”的五行属性是,水,火,木,金,土,C,D
158,“青色”的五行属性是,土,金,水,火,木,E,E
159,“甘味”的五行属性是,土,金,水,木,火,A,A
160,五行调节事物整体动态平衡的机制是,生我,我生,克我,我克,制化,E,E
161,“暑”的五行属性是,金,太,土,水,火,E,E
162,五行相生关系中，木的“我生”是,金,土,火,水,以上均非,C,C
163,肺病及心的五行传变是,相乘传变,相侮传变,母病及子,子病犯母,相克传变,B,D
164,肺病及脾的五行传变是,相乘传变,子病犯母,相侮传变,母病及子,相克传变,B,B
165,肺病及肾的五行传变是,母病及子,子盗母气,相乘传变,相侮传变,相克传变,A,A
166,肺病及肝的五行传变是,母病及子,相乘传变,子病犯母,相侮传变,相克传变,B,C
167,五行相生关系中，火的“生我”是,金,木,水,土,以上均非,B,B
168,五行中“木”的“母”行是,水,火,土,金,以上均非,A,C
169,五行中，“水”的“子”是,金,木,土,火,以上均非,B,B
170,五行相克关系中，金的“我克”是,7k,火,土,水,以上均非,A,B
171,五行相克关系中，水的“克我”是,木,火,土,金,以上均非,C,D
172,五行相克关系中，金的“所胜”是,土,火,水,木,以上均非,D,D
173,五行中，“金”的“所不胜”是,火,水,土,木,以上均非,A,D
174,属于相乘的脏病传变是,肺病及脾,肺病及肾,肺病及心,肺病及肝,以上都不是,D,B
175,属于相侮的脏病传变是,肾病及脾,肾病及肝,肾病及肺,肾病及心,以上都不是,A,B
176,属于“母病及子”的脏病相传是,心病及肺,心病及肾,心病及肝,心病及脾,以上都不是,D,B
177,属“子盗母气”的脏病相传是,肺病及脾,肺病及肾,肺病及心,肾病及肝,以上都不是,A,B
178,五行学说认为病情较轻浅的脏病传变是,肺病及肾,肺病及脾,肺病及肝,肝病及脾,心病及肝,A,B
179,五行学说认为病情较深重的脏病传变是,肺病及肾,肾病及肺,肺病及肝,肝病及脾,脾病及肺,B,B
180,五行学说认为病情较重的色脉关系是,色与脉的五行属性相符,色与脉的五行属性相生,客色胜主色,色与脉的五行属性相克,以上都不是,D,D
181,属于“实则泻其子”治则的治疗是,肝火旺泻心火,肝火旺泻胆火,肝火旺泻脾,肝火旺泻肺,肺热泻大肠,A,A
182,按五行相生关系确立的治法是,抑木扶土法,佐金平木法,培土制水法,泻南补北法,滋水涵木法,E,D
183,适用于“土壅木郁”证的治则是,抑强为主,扶弱为主,补母为主,泻子为主,以上都不是,A,D
184,“五志相生”，“怒”所胜的“志”是,恐,思,惊,悲,忧,B,C
185,五脏共同的生理特点是,传化水谷,传化水液,贮藏精气,传导糟粕,排泄水液,C,C
186,具有“满而不能实”生理特点的是,五脏,六腑,脏腑,奇恒之腑,以上都不是,A,C
187,“实而不能满”是以下哪项生理特点的概括,五脏,六腑,脏腑,奇恒之腑,以上都不是,B,B
188,称“君主之官”的脏是,肝,心,脾,肺,肾,B,B
189,“心为五脏六腑之大主”的理论基础是,心主血,心主脉,心属火,心主神,心为“阳中之阳”,D,B
190,心主神志的物质基础是,营气,宗气,津液,精液,血液,E,E
191,被称为“娇脏”的脏腑是,肝,心,脾,肺,肾,D,D
192,肺主通调水道，主要依赖于肺的哪项功能,主呼吸之气,主一身之气,主治节,朝百脉,主宣发肃降,E,E
193,“主治节”，是哪个脏腑的生理功能,肝,心,脾,肺,肾,D,C
194,肺的“门户”是,鼻,喉,腠理,汗孔,咽,B,A
195,五脏与五体关系中哪项说法不正确,心在体合脉,肝在体合筋,肺在体合毛,脾在体合肉,肾在体合骨,C,C
196,被称为“后天之本”的脏是,肝,心,脾,肺,肾,C,C
197,脾为气血生化之源的理论基础是,气能生血,人以水谷为本,脾主升清,脾主运化水谷精微,脾为后天之本,D,E
198,五脏中主“涎”的脏是,心,脾,肝,肺,肾,B,B
199,五脏主五液，则汗为,心之液,肺之液,脾之液,肝之液,肾之液,A,A
200,指肝而言的“本”是,生之本,气之本,仓廪之本,罢极之本,封藏之本,D,D
201,患者脘腹隐痛，反复发作5年，饥不欲食，口燥咽干，时而干呕，大便干结，舌红少苔，脉细数，证属,食滞胃脘证,胃热证,胃阴虚证,肝胃不和证,肝气犯脾证,C,C
202,患者有耳聋，心胁痛，嗌肿喉痹，汗出，目锐眦痛，颊痛，耳后、肩、膈、肘、臂外皆痛，小指次指不用，属于,手太阳小肠经病证,手少阳三焦经病证,手阳明大肠经病证,手少阴心经病证,足少阳胆经病证,B,E
203,男性患者，结婚3年不育，腰疫痛，眩晕耳鸣，足痿无力，脱发，舌淡苔薄白，尺脉虚弱。证为,肾气虚,肾精虚,肾阴虚,肾阳虚,肝肾阴虚,B,A
204,某男19岁，近来腰瘦梦遗，虚烦不眠，心悸健忘，耳鸣，潮热盗汗，舌红少苔，脉细数，可以诊为,肾阴不足,心血亏虚,肝肾阴虚,心肾不交,心阳浮越,D,D
205,某女患者，面色不华，倦怠乏力，纳少，食后腹胀，月经先期，量多色淡，舌淡苔薄白，脉细弱，证属,脾气虚,脾阴虚,脾气下陷,脾不统血,脾阳虚,D,A
206,某患者，女，50岁，症见面色暗滞，心悸气短，自汗乏力，咳喘，胸闷发憋，舌有瘀斑，脉细弱，辨证为,肺肾气虚,心肾阳虚,心肺气虚血瘀,心血瘀阻,脾肺气虚,C,C
207,卫气最主要的作用是,推动作用,温煦作用,防御作用,固摄作用,气化作用,C,C
208,脾气在五脏中的突出作用是,推动作用,温煦作用,防御作用,固摄作用,气化作用,D,D
209,贯心脉，行呼吸之气是指,宗气,水谷之气,营气,清气,元气,A,A
210,行于脉中之气是,宗气,水谷之气,营气,清气,元气,C,A
211,具有疾滑利特性的气是指,元气,宗气,营气,卫气,中气,D,D
212,脾胃之气又称之为,元气,宗气,营气,卫气,中气,E,E
213,味归形，形归气是指气的,推动作用,温煦作用,防御作用,固摄作用,气化作用,E,D
214,宗气贯心脉而行呼吸是指气的,推动作用,温煦作用,防御作用,固摄作用,气化作用,A,B
215,称为刚脏的是,心,肝,肺,脾,肾,B,B
216,称为封藏之本的是,心,肝,肺,脾,肾,E,E
217,《素问·金匮真言论》说善病胸胁的季节是,春季,仲夏,长夏,秋季,冬季,B,A
218,《素问·金匮真言论》说善病痹厥的季节是,春季,仲夏,长夏,秋季,冬季,E,E
219,主要说明阴阳互根互用的原文是,阴阳相错，而变由生也,动极镇之以静,阴在内，阳之守也,阳胜则阴病，阴胜则阳病,重阴必阳，重阳必阴,C,C
220,主要说明阴阳对立制约的原文是,阴阳相错，而变由生也,动极镇之以静,阴在内，阳之守也,阳胜则阴病，阴胜则阳病,重阴必阳，重阳必阴,D,D
221,称阳中之阳的脏是,心,肺,脾,肝,肾,A,A
222,称阴中之阳的脏是,心,肺,脾,肝,肾,D,D
223,阴偏胜所致证候是,实热证,虚热证,实寒证,虚寒证,阴阳两虚证,C,A
224,阴阳互损所致证候是,实热证,虚热证,实寒证,虚寒证,阴阳两虚证,E,E
225,据阴阳互根之理确定治阴偏衰的治法是,阳中求阴,阳病治阴,阴阳双补,阴病治阳,阴病治阴,A,E
226,适用于治阳偏衰的治法是,阳中求阴,阳病治阴,阴阳双补,阴病治阳,阴病治阴,D,B
227,五行中木的特性是,曲直,炎上,稼穑,润下,从革,A,A
228,五行中水的特性是,曲直,炎上,稼穑,润下,从革,D,D
229,属五行中金的音是,角音,羽音,徵音,宫音,商音,E,E
230,属五行中水的音是,角音,羽音,徵音,宫音,商音,B,B
231,木的所不胜之子是,木,水,金,火,土,B,D
232,木的母之所胜是,木,水,金,火,土,D,B
233,肝病传胆的传变是,母病及子,传其所胜,子病犯母,传其所不胜,以上均非,E,C
234,肝病传心的传变是,母病及子,传其所胜,子病犯母,传其所不胜,以上均非,A,A
235,生痰之源指的是,心,肝,脾,肺,肾,C,C
236,贮痰之器指的是,心,肝,脾,肺,肾,D,C
237,五脏主五液则唾属,心,肝,脾,肺,肾,E,D
238,五脏主五体则皮属,心,肝,脾,肺,肾,D,D
239,具有泌别清浊功能的是,胆,胃,小肠,大肠,膀胱,C,C
240,被称为州都之官的是,胆,胃,小肠,大肠,膀胱,E,B
241,与呼吸运动关系最密切的是,心与肺,心与肾,肝与脾,肺与肾,肺与肝,D,D
242,与消化活动关系最密切的是,心与肺,心与肾,肝与脾,肺与肾,肺与肝,C,C
243,寒痰的特征是,黄而黏稠，坚而成块,白而清稀,清稀而多泡沫,白滑而量多，易咯,少而黏，难咯,B,A
244,湿痰的特征是,黄而黏稠，坚而成块,白而清稀,清稀而多泡沫,白滑而量多，易咯,少而黏，难咯,D,A
245,分布在上肢内侧前缘的是,手太阴经,手少阴经,手厥阴经,手阳明经,手少阳经,A,C
246,与手太阳经相表里的是,手太阴经,手少阴经,手厥阴经,手阳明经,手少阳经,B,E
247,具有凝滞特点的是,风,寒,湿,燥,火,B,B
248,具有黏滞特点的是,风,寒,湿,燥,火,C,C
249,过度刺激可导致二便失禁的是,喜,怒,思,悲,恐,E,E
250,过度刺激可引起头胀头痛甚则昏厥的是,喜,怒,思,悲,恐,B,E
251,风邪的性质和致病特点是,阻遏气机,善行数变,生风动血,耗气伤津,易伤阳气,B,B
252,暑邪的性质和致病特点是,阻遏气机,善行数变,生风动血,耗气伤津,易伤阳气,D,B
253,一经病证未罢又见另一经病证者称为,徐发,继发,合病,并病,复发,D,C
254,两经或三经证候同时出现者称为,徐发,继发,合病,并病,复发,C,C
255,疾病处于迁延状态，多由哪种病理过程所导致,正胜邪退,邪去正虚,邪盛正虚,邪正相持,正虚邪恋,D,E
256,疾病转为慢性，经久不愈，或遗留某些后遗症，多由哪种病理过程所导致,正胜邪退,邪去正虚,邪盛正虚,邪正相持,正虚邪恋,E,E
257,外感寒邪出现恶寒发热，此为,阳胜则热,阴虚则热,阴胜则寒,阳虚则寒,阴阳两虚,C,D
258,久病体虚出现畏寒肢冷，多属,阳胜则热,阴虚则热,阴胜则寒,阳虚则寒,阴阳两虚,D,D
259,寒湿内袭脾胃，而引起的脘腹冷痛，泄泻清稀时，称为,阴盛则内寒,阳虚则外寒,阴盛则阳病,阳虚则阴寒内盛,阴盛格阳,C,A
260,阴寒内盛，迫阳外越而见面红、烦渴，此属,阴盛则内寒,阳虚则外寒,阴盛则阳病,阳虚则阴寒内盛,阴盛格阳,E,E
261,阳虚则寒即出现,实寒证,虚寒证,虚热证,实热证,真寒假热证,B,B
262,阳胜则热即出现,实寒证,虚寒证,虚热证,实热证,真寒假热证,D,D
263,气滞病机，主要是指,元气耗损、脏腑功能衰退，抗病力下降,气机不畅、流通受阻、脏腑经络功能障碍,气机升降失常、脏腑之气逆上,气虚升举无力，脏腑位置下移,气的出入异常，或为闭阻，或为外散,B,B
264,气闭、气脱病机，主要是指,元气耗损、脏腑功能衰退，抗病力下降,气机不畅、流通受阻、脏腑经络功能障碍,气机升降失常、脏腑之气逆上,气虚升举无力，脏腑位置下移,气的出入异常，或为闭阻，或为外散,E,E
265,气陷的病机是指,元气耗损、脏腑功能衰退，抗病力下降,气机不畅、流通受阻、脏腑经络功能障碍,气机升降失常、脏腑之气逆上,气虚升举无力，脏腑位置下移,气的出入异常，或为闭阻，或为外散,D,D
266,血虚的病机，主要是指,血液不足或濡养功能减退,血液循行迟缓或不畅或瘀血停滞,血分有热，循行加速或迫血妄行,气血失和不荣经脉,血随气逆，咯血或衄血,A,A
267,血瘀的病机，主要是指,血液不足或濡养功能减退,血液循行迟缓或不畅或瘀血停滞,血分有热，循行加速或迫血妄行,气血失和不荣经脉,血随气逆，咯血或衄血,B,B
268,血热的病机，主要是指,血液不足或濡养功能减退,血液循行迟缓或不畅或瘀血停滞,血分有热，循行加速或迫血妄行,气血失和不荣经脉,血随气逆，咯血或衄血,C,C
269,对于血虚患者的治疗，常在补血的同时补气，其理论根据是,气能生血,津血同源,气能行血,气能行津,津能载气,A,A
270,亡血家不可发汗，其理论根据是,气能生血,津血同源,气能行血,气能行津,津能载气,B,B
271,太阳之经络气血衰竭，可见,戴眼反折瘼疭,耳聋百节皆纵，目曩绝系,面黑齿长而垢，腹胀闭,腹胀闭不得息，善噫善呕,口目动作，善惊妄言，色黄,A,A
272,少阴之经络气血衰竭，可见,戴眼反折瘼疭,耳聋百节皆纵，目曩绝系,面黑齿长而垢，腹胀闭,腹胀闭不得息，善噫善呕,口目动作，善惊妄言，色黄,C,A
273,正气不足的治则为,急则治标,缓则治本,逆治,从治,扶正,E,E
274,寒病见寒象，应用,急则治标,缓则治本,逆治,从治,扶正,C,A
275,寒病见热象，应用,急则治标,缓则治本,逆治,从治,扶正,D,A
276,用消导积滞的方法治疗食积腹泻属,热者寒之,寒者热之,热因热用,塞因塞用,通因通用,E,E
277,用温热药治疗寒证的方法属,热者寒之,寒者热之,热因热用,塞因塞用,通因通用,B,B
278,用温热药治疗阴盛格阳的方法属,热者寒之,寒者热之,热因热用,塞因塞用,通因通用,C,C
279,真虚假实，治宜,热因热用,寒因寒用,塞因塞用,通因通用,以上都不适用,C,C
280,真寒假热，治宜,热因热用,寒因寒用,塞因塞用,通因通用,以上都不适用,A,E
281,体现因时制宜的是,用寒远寒,热者寒之,寒因寒用,寒者热之,同病异治,A,E
282,体现因人制宜的是,用寒远寒,热者寒之,寒因寒用,寒者热之,同病异治,E,E
283,肝主疏泄的基本生理功能是,调畅情志活动,调畅全身气机,协助脾胃运化,促进血行和津液代谢,调节月经和精液的排泄,B,B
284,四肢肌肉强健有力主要取决于,心主血脉,肝主筋,肾主骨,脾主运化,肺主气,D,B
285,“主四肢”的脏是,肝,心,脾,肺,肾,C,A
286,脾在志为,怒,喜,思,悲,恐,C,C
287,肝其华在,爪,面,唇,毛,发,A,D
288,情志抑郁与下述哪项因素有关,心神不定,肝失疏泄,肺气不足,肝升太过,肝血亏虚,B,B
289,称为“先天之本”的是,肝,心,脾,肺,肾,E,E
290,成人牙齿过早松动脱落的主要原因是,肾阳虚衰,肾阴亏虚,肾气不固,肾精气不足,肾不纳气,D,C
291,称“肾之府”的部位是,膝,腰,腹,胸,背,B,B
292,“肾为气之根”主要是指肾的哪种功能,肾阴为一身阴气之根,肾阳为一身阳气之根,肾中精气为五脏之根,肾主纳气,肾主气化,D,D
293,狭义之精指的是,气,血,津,液,生殖之精,E,E
294,心的生理功能是,行血,藏血,生血,摄血,统血,A,A
295,主司二便的脏腑是,肝,心,脾,肺,肾,E,E
296,开窍于二阴的脏为,肝,心,脾,肺,肾,E,E
297,“主升清”是哪一个脏的生理功能,肝,心,脾,肺,肾,C,C
298,与“天癸”产生关系最为密切的物质是,心血,肺气,脾气,肝血,肾精,E,E
299,称“封藏之本”的脏是,肝,心,脾,肺,肾,E,E
300,具有“喜燥恶湿”特点的脏腑为,肝,心,脾,肺,肾,C,C
301,肝在窍为,舌,目,口,鼻,耳,B,B
302,“藏血”是哪脏的生理功能,肝,心,脾,肺,肾,A,A
303,称为“刚脏”的是,肝,心,脾,肺,肾,A,E
304,称为“水脏”的是,肝,心,脾,肺,肾,E,E
305,在水液代谢中起主宰作用的是,肝,心,脾,肺,肾,E,D
306,肺其华为,爪,面,唇,毛,发,D,B
307,《素问·水热穴论》中所称的“胃之关”为,肝,心,脾,肺,肾,E,C
308,胆汁生成主要依靠的物质是,肝之余气,肾中精气,水谷之气,肺之宗气,心之营气,A,C
309,六腑中既属六腑又属奇恒之府的是,胆,胃,大肠,小肠,膀胱,A,E
310,“七冲门”中，会厌的名称是,飞门,户门,吸门,贲门,幽门,C,B
311,“阑门”指的部位是,唇,齿,会厌,太仓下口,大肠与小肠的交接处,E,E
312,称“受盛之官”的腑是,胃,小肠,大肠,膀胱,三焦,B,B
313,“泌别清浊”是下述哪个脏腑的功能,胃,小肠,大肠,膀胱,胆,B,D
314,“中精之府”是指,胆,胃,小肠,大肠,膀胱,A,E
315,“水谷之海”指的是,胆,小肠,大肠,膀胱,胃,E,E
316,被称为“孤府”的脏腑是,胃,小肠,大肠,膀胱,三焦,E,A
317,元气运行的通道是,血脉,经脉,三焦,五脏,以上均非,C,B
318,水液代谢的道路是,肺,脾,肝,肾,三焦,E,E
319,与消化功能活动密切相关的脏腑是,肝、胆、小肠、大肠,肺、脾、胃、大肠,脾、胃、肾、膀胱,肝、胆、脾、胃,胃、大肠、小肠、胆,D,D
320,与脑的生理功能关系最密切的是,心肺肝,心肝脾,肺脾肾,心脾肾,心肝肾,E,D
321,与髓的关系密切的脏腑是,肝,心,脾,肺,肾,E,E
322,毛发荣枯与哪两种物质关系密切,精与气,津与液,气与血,气与津,精与血,E,C
323,月经来潮与下述哪组内容关系密切,心、肝、脾、冲脉、督脉,心、肺、肾、冲脉、带脉,心、肺、肾、冲脉、任脉,心、脾、冲脉、任脉、带脉,心、肝、脾、肾、冲脉、任脉,E,D
324,女子胞的功能与下述何脏关系较不密切,肝,心,脾,肺,肾,D,A
325,“气之主”指的是,心,肝,脾,肺,肾,D,A
326,“气之根”指的是,心,肝,脾,肺,肾,E,E
327,“生痰之源”指的是,肝,心,脾,肺,肾,C,C
328,“贮痰之器”指的是,肝,心,脾,肺,肾,D,C
329,“水之上源”指的是,肝,心,肺,脾,肾,C,C
330,“罢极之本”指的是,肝,心,肺,脾,肾,A,E
331,称三焦为“孤府”的依据是,无表里配合,形态似腑功能似脏,有名而无形,十二脏腑中唯它最大,总司人体气机与气化,D,A
332,“髓海”是指,脑,心,肾,肝,头,A,A
333,“精明之府”指的是,脑,心,肾,头,以上都不是,D,A
334,气血关系指的是下述哪两脏之间的关系,心与肺,心与脾,心与肝,心与肾,肺与肝,A,B
335,两脏同病多表现为气血两虚的是,心与肺,心与肝,心与脾,心与肾,肺与肝,C,C
336,“水火既济”指的是哪两脏之间的关系,心与肺,心与肾,脾与肾,肝与肾,肺与脾,B,B
337,“精血同源”是指下述哪两脏的关系,脾与肝,心与肾,肝与肾,肺与肾,脾与肾,C,B
338,两脏同病出现血虚多见于下述哪两个脏,心肺,心脾,心肝,肝肺,肝脾,C,C
339,与生殖功能关系密切的是,肝脾,心肾,脾肾,肺肾,肝肾,E,B
340,与呼吸运动关系密切的是,心肺,肝肺,脾肺,肾肺,以上都不是,D,A
341,以调节气机升降为主要关系的两脏为,肺与脾,肺与肝,肺与肾,肺与心,肝与脾,B,A
342,与气的生成关系密切的是,心肝肺,肺脾肾,肝肺肾,肝脾肺,肝脾肾,B,B
343,脏腑关系中，“燥湿相济”指的是哪种关系,心与小肠,肝与胆,脾与胃,肺与大肠,肾与膀胱,C,C
344,气机升降之枢，是指下述哪种升降关系,肺主呼气，肾主纳气,肝主升，肺主降,心火下济，肾水上承,脾气主升，胃气主降,以上都不是,D,B
345,与心相表里的是,胆,胃,小肠,大肠,膀胱,C,C
346,与肝相表里的是,胆,胃,大肠,小肠,膀胱,A,A
347,与小肠相表里的是,心,肝,脾,肺,肾,A,E
348,五脏主五液，下述哪个说法不确切,心在液为汗,肝在液为泪,脾在液为涎,肺在液为涕,肾在液为尿,E,E
349,“相煿之宫”指,肝,心,脾,肺,肾,D,C
350,“州都之官”指的是,胆,胃,大肠,小肠,膀胱,E,B
351,肺与大肠的关系体现在,肺主宣发，布津于大肠,肺主肃降，输送津液于大肠,肺主肃降，助大肠传导,肺主治节，调节大肠功能,以上都不是,C,B
352,“决渎之官”指的是,胃,大肠,小肠,膀胱,三焦,E,E
353,“传导之官”指的是,胆,胃,小肠,大肠,膀胱,D,C
354,“朝百脉”是哪个脏的功能,肝,肺,心,脾,肾,B,C
355,肝的生理功能是,统摄血液,推动血行,调节血量,下纳肺气,治节水液,C,B
356,“主纳气”是下述哪个脏的生理功能,肝,心,脾,肺,肾,E,D
357,心在窍为,目,舌,口,鼻,耳,B,C
358,心在体合,脉,肉,筋,皮,骨,A,A
359,心其华在,爪,唇,毛,发,面,E,E
360,心在液为,汗,泪,涎,涕,唾,A,A
361,肺在志为,喜,怒,思,忧,恐,D,C
362,以下哪项有误,心在液为汗,肝在液为泪,脾在液为涎,肺在液为涕,肾在液为尿,E,E
363,脾在体合,筋,脉,皮,肉,骨,D,C
364,肝在志为,怒,喜,思,忧,恐,A,A
365,肝在体合,筋,脉,皮,肉,骨,A,A
366,肝在窍为,目,舌,口,鼻,耳,A,A
367,“气之本”指的是,肝,心,脾,肺,肾,D,E
368,由清气与水谷之气相合构成的气是,元气,宗气,卫气,营气,真气,B,D
369,与气的生成关系最密切的是,肝,心,脾,肺,肾,C,C
370,与尿液排泄关系密切的是气的哪种功能,推动作用,温煦作用,固摄作用,防御作用,以上都不是,C,A
371,与人体生长发育关系密切的是气的何种功能,推动作用,固摄作用,温煦作用,防御作用,气化作用,A,A
372,出血可由气的哪种功能减退引起,推动作用,温煦作用,固摄作用,防御作用,气化作用,C,C
373,自汗、多尿或小便失禁可由气的哪项功能减退引起,推动作用,固摄作用,温煦作用,防御作用,气化作用,B,B
374,具有营养全身和化生血液作用的气是,元气,宗气,营气,卫气,精气,C,C
375,肾中精气化生的气是,元气,宗气,营气,卫气,脏腑之气,A,A
376,积于胸中的气是,元气,宗气,营气,卫气,谷气,B,B
377,具有推动呼吸和血行功能的气是,心气,肺气,营气,卫气,宗气,E,E
378,脉外之气是,元气,营气,卫气,宗气,精气,C,C
379,具有“慓疾滑利”特点的是,元气,宗气,营气,卫气,清气,D,D
380,能够化生血液的是,元气,宗气,营气,卫气,心气,C,C
381,能温养脏腑皮毛的是,元气,宗气,营气,卫气,脾气,D,D
382,能够主管声音、言语的气是,元气,宗气,营气,卫气,清气,B,B
