0,平性药物是指,A.无毒的药物,B.寒热之性不显著，药性平和的药物,C.毒性不显著的药物,D.治疗作用广泛的药物,E.以上均不是,B,B
1,下列各组药物中，属于配伍禁忌的是,A.巴豆与牵牛,B.丁香与三棱,C.牙硝与郁金,D.官桂与五灵脂,E.人参与石脂,A,A
2,下列药物中，不宜与藜芦配伍的是,A.黄芩,B.黄连,C.黄柏,D.龙胆草,E.苦参,E,E
3,胶类药物及黏性大而易溶的药物，入煎剂的用法是,A.先煎,B.后下,C.包煎,D.另煎,E.溶化,E,E
4,确定药物寒热、温凉的依据是,A.神农氏尝百草的体会,B.《素问》：'寒者热之，热者寒之',C.《本经》：'疗寒以热药，疗热以寒药',D.药物作用于人体的反应,E.诸家本草之源,D,D
5,七情配伍中，可以提高药效的配伍是,A.相杀、相反,B.相杀、相使,C.相须、相使,D.相须、相恶,E.相恶、相反,C,C
6,半夏与陈皮合用以增强燥湿化痰作用，属于哪种配伍关系,A.相畏,B.相杀,C.相须,D.相使,E.相恶,C,C
7,人参与皂荚同用，皂荚可以降低人参的补气作用，人参对皂荚而言，这种配伍关系属,A.相须,B.相使,C.相杀,D.相畏,E.相恶,E,A
8,下列药材除哪一项外均是地道药材,A.四川的附子,B.辽宁的细辛,C.云南的五味子,D.河南的牛膝,E.山东的阿胶,C,B
9,七情配伍中，可以降低药物毒副作用的配伍是,A.相须、相使,B.相杀、相反,C.相须、相恶,D.相杀、相畏,E.相畏、相使,D,A
10,七情配伍中，可以降低药物功效的配伍是,A.相须,B.相使,C.相杀,D.相畏,E.相恶,E,B
11,具有敛肺止咳作用的药物大多是何种药味,A.辛,B.甘,C.苦,D.酸,E.咸,D,D
12,治疗筋脉挛急疼痛的药物，大多是何种药味,A.酸,B.苦,C.甘,D.辛,E.咸,C,A
13,外感风热证，应选择何种性味的药物,A.辛、温,B.辛、凉,C.甘、寒,D.苦、寒,E.甘、温,B,B
14,寒凝血瘀，月经不调，少腹冷痛，当选用下列何种性味的药物,A.辛、凉,B.苦、温,C.辛、温,D.苦、寒,E.咸、寒,C,A
15,下列哪项不属于苦味药的作用,A.降泄,B.通泄,C.燥湿,D.收敛,E.清泄,D,E
16,能治疗瘰疬、痰核、癓瘕等证的药昧是,A.辛味,B.酸味,C.苦味,D.咸味,E.甘味,D,D
17,治疗热结便秘，大黄与芒硝合用，属于哪种配伍关系,A.相使,B.相须,C.相畏,D.相杀,E.相恶,B,B
18,既能疏散风热，又能熄风止痉的药物是,A.薄荷,B.蝉蜕,C.桑叶,D.菊花,E.牛蒡子,B,B
19,有“呕家圣药”之称的药物是,A.香薷,B.麻黄,C.升麻,D.生姜,E.竹茹,D,D
20,下列叙述哪一项说法是错误的,A.麻黄清表热,B.石膏清里热,C.柴胡疏散少阳半表半里之邪,D.银花透表热，清里热,E.丹皮清血热，退虚热,A,B
21,既能发汗解表，又能利水消肿的药组是,A.麻黄、荆芥,B.香薷、紫苏,C.麻黄、浮萍,D.紫苏、生姜,E.荆芥、防风,C,C
22,既能治风寒头痛、又能治疗鼻渊的药物是,A.细辛,B.麻黄,C.荆芥,D.藿香,E.薄荷,A,A
23,治疗阴暑证宜选用的药物是,A.荆芥,B.桂枝,C.细辛,D.薄荷,E.香薷,E,E
24,具有祛风胜湿止痛功效的药组是,A.防风、荆芥、白芷,B.藁本、紫苏、防风,C.防风、羌活、藁本,D.白芷、紫苏、桂枝,E.麻黄、香薷、桂枝,C,A
25,治疗肝经风热，目赤肿痛宜选用的药组是,A.柴胡、浮萍,B.牛蒡子、葛根,C.蝉蜕、升麻,D.蔓荆子、木贼,E.菊花、白芷,D,C
26,具有温肺化饮，宣通鼻窍作用的药物是,A.白芥子,B.半夏,C.生姜,D.细辛,E.橘皮,D,D
27,柴胡与升麻均具有的功效是,A.解表生津,B.清热解毒,C.疏肝解郁,D.升举阳气,E.透发麻疹,D,D
28,素体表虚，复因外感，恶风汗出，发热脉浮缓，当首选的药物是,A.薄荷,B.荆芥,C.香薷,D.防风,E.桂枝,E,E
29,紫苏最适合治疗下述哪种病证,A.外感风热，麻疹不透,B.外感风寒，表虚证,C.外感风寒，胸闷咳嗽,D.外感风寒兼湿邪头痛,E.阳虚外感,C,D
30,具有温肺化饮，宣通鼻窍作用的药物是,A.白芥子,B.半夏,C.生姜,D.细辛,E.橘皮,D,D
31,既能行气安胎，又能发表散寒，解鱼蟹毒的药物是,A.砂仁,B.黄芩,C.紫苏,D.白术,E.白豆蔻,C,C
32,既能发汗解表，又能温通经脉的药物是,A.防风,B.羌活,C.细辛,D.紫苏,E.桂枝,E,E
33,既能发散风热，又能透疹的药组是,A.葛根、升麻、麻黄,B.菊花、升麻、浮萍,C.蝉衣、升麻、桑叶,D.葛根、升麻、浮萍,E.木贼、荆芥、自僵蚕,D,B
34,下列解表药中，兼有化湿功效的是,A.紫苏,B.香薷,C.生姜,D.白芷,E.防风,B,B
35,误服生半夏中毒，能解半夏毒的药物是,A.甘草,B.绿豆,C.黄连,D.银花,E.生姜,E,A
36,下列病证除哪项外，均可选用防风治疗,A.外感风寒，头身疼痛,B.风寒湿痹，肢体疼痛,C.肝脾不和，腹痛泄泻,D.湿热痹证，痉厥抽搐,E.破伤风证，角弓反张,D,C
37,治疗外感风热，咽喉肿痛，咯痰不利，兼大便秘结者，宜选用的药物是,A.前胡,B.牛蒡子,C.薄荷,D.山豆根,E.桔梗,B,E
38,下列药物中，能燥湿止带的是,A.防风,B.白芷,C.羌活,D.苍耳子,E.藁本,B,B
39,善治阳明经眉棱骨痛的药物是,A.藁本,B.细辛,C.白芷,D.蔓荆子,E.柴胡,C,E
40,尤善治腰以上风寒湿痹的药物是,A.羌活,B.独活,C.桑枝,D.桂枝,E.威灵仙,A,D
41,治疗气虚下陷，脱肛，子宫脱垂等症，黄芪宜配伍的药组是,A.人参、白术,B.葛根、桑叶,C.柴胡、升麻,D.麻黄、细辛,E.大黄、芒硝,C,A
42,下列哪组药物均是辛凉解表药,A.薄荷、桑叶、荆芥,B.蝉衣、柴胡、菊花,C.柴胡、淡豆豉、防风,D.牛蒡子、苍耳子、升麻,E.蔓荆子、辛夷、葛根,B,A
43,姜汁炮炙药物的目的是,A.加强药物的止呕作用,B.加强药物的化痰作用,C.加强药物的止痛效果,D.消除药物的刺激性,E.消除药物的腥臭气味,A,D
44,治疗心阳不振、心悸、脉结代者，当选用的药物是,A.桂枝配白芍,B.桂枝配附子,C.桂枝配茯苓,D.桂枝配猪苓,E.桂枝配甘草,E,B
45,柴胡与薄荷均具有的功效是,A.疏肝解郁,B.理气调中,C.化湿行气,D.消积行气,E.破血行气,A,A
46,菊花的功能是,A.生津止渴,B.胜湿止痛,C.止血,D.和解少阳,E.平肝明目,E,E
47,白芷的功能是,A.祛风解表，止血,B.祛风解表，止痛止带,C.发表散寒，行气宽中,D.祛风解表，通阳,E.散风解表，祛风胜湿,B,C
48,石膏的功效是,A.清热泻火，滋阴润燥,B.清热泻火，除烦止渴,C.清热泻火，生津利尿,D.清热泻火，消肿生肌,E.清热泻火，燥湿解毒,B,D
49,治疗口舌生疮、小便短赤，宜首选的药物是,A.茯苓,B.夏枯草,C.竹叶,D.芦根,E.知母,C,C
50,细辛具有的功效是,A.回阳救逆,B.温肝暖肾,C.温中降逆,D.宣通鼻窍,E.理气和胃,D,D
51,脾胃虚寒忌用，反藜芦的药物是,A.夏枯草,B.苦参,C.菊花,D.龙胆草,E.知母,B,E
52,治疗胎热不安，宜首选的药物是,A.黄连,B.栀子,C.黄芩,D.紫苏,E.黄柏,C,B
53,赤芍的功效是,A.清热凉血，养阴生津,B.清热凉血，活血补血,C.清热凉血，解毒养阴,D.清热凉血，祛瘀止痛,E.清热凉血，安神定惊,D,D
54,善去中焦湿热、泻心胃火毒的药物是,A.黄连,B.栀子,C.黄芩,D.龙胆草,E.黄柏,A,B
55,治疗阴虚发热，骨蒸盗汗，宜首选的药物是,A.栀子,B.石膏,C.黄柏,D.黄连,E.玄参,C,B
56,治疗血热妄行，应首选,A.生地黄,B.玄参,C.牡丹皮,D.赤芍,E.羚羊角,A,D
57,下列药物中，宜煎煮入药的是,A.牛黄,B.石膏,C.芒硝,D.青黛,E.甘遂,B,B
58,下列哪项不是牛黄的功效,A.清热解毒,B.熄风止痉,C.清热燥湿,D.化痰开窍,E.清心醒神,C,C
59,有“疮家圣药”之称的药物是,A.连翘,B.金银花,C.蒲公英,D.紫花地丁,E.黄连,A,B
60,既能治疗热毒疮疡，又能治疗风热外感的药物是,A.黄连,B.蒲公英,C.牛黄,D.桑叶,E.金银花,E,E
61,具有清热凉血，利尿通淋，解毒疗疮功效的药物是,A.白薇,B.青蒿,C.胡黄连,D.牡丹皮,E.黄柏,A,B
62,治疗肠痈腹痛，宜首选的药物是,A.蒲公英,B.鱼腥草,C.败酱草,D.马齿苋,E.板蓝根,C,C
63,欲用大黄攻下，其用法是,A.先煎,B.酒制,C.后下,D.炒炭,E.制熟,C,C
64,下列哪项不是大黄的功效,A.泻下攻积,B.清热泻火,C.清热解毒,D.活血祛瘀,E.清肺化痰,E,E
65,芒硝的功效是,A.软坚泻下,B.泻下攻积,C.养血润肠,D.养阴通便,E.壮阳通便,A,A
66,巴豆内服的用量是,A.0.1～0.3克,B.0.5～1克,C.1.5～3克,D.3～5克,E.5～10克,A,B
67,醋制甘遂的目的是,A.增强止痛功能,B.引经入药,C.便于储存,D.矫味矫嗅,E.减低毒性,E,E
68,祛风湿兼可解表的药物是,A.秦艽,B.木瓜,C.防己,D.独活,E.威灵仙,D,A
69,治疗寒湿痹痛，以腰疼痛显者，宜选用的药物是,A.防己,B.威灵仙,C.独活,D.羌活,E.木瓜,C,D
70,既舒筋活络，又化湿和胃的药物是,A.独活,B.秦艽,C.木瓜,D.威灵仙,E.羌活,C,C
71,能祛风除湿，又可治骨鲠的药物是,A.羌活,B.独活,C.威灵仙,D.秦艽,E.木瓜,C,B
72,使用注意大苦大寒易伤胃气，胃纳不佳及阴虚体弱者慎服的药物是,A.秦艽,B.木瓜,C.防己,D.北五加皮,E.桑寄生,C,B
73,具有祛风，活络，定惊功效的药物是,A.白附子,B.木瓜,C.白花蛇,D.蝉蜕,E.独活,C,B
74,治疗风湿痹痛，兼有肝肾不足，宜选用的药物是,A.羌活,B.独活,C.桑寄生,D.威灵仙,E.秦艽,C,E
75,砂仁具有的功效是,A.温肝,B.暖肾,C.温肺,D.温中,E.回阳,D,D
76,既能祛风湿，又能强筋骨，还能利水消肿的药物是,A.薏苡仁,B.威灵仙,C.五加皮,D.车前子,E.桑白皮,C,A
77,既能祛风湿，又能补肝肾，还能安胎的药物是,A.牛膝,B.杜仲,C.桑寄生,D.续断,E.五加皮,C,B
78,功能燥湿健脾，又可发汗解表的药物是,A.白术,B.苍术,C.香薷,D.藿香,E.佩兰,B,A
79,具有消肿散结功效的药物是,A.番泻叶,B.火麻仁,C.甘遂,D.郁李仁,E.芦荟,C,E
80,既能行气除满，又可平喘的药物是,A.陈皮,B.杏仁,C.麻黄,D.厚朴,E.枳实,D,B
81,入汤剂的用法，要求后下的药物是,A.酸枣仁,B.柏子仁,C.砂仁,D.郁李仁,E.桃仁,C,C
82,既能化湿，解暑，又能治口中甜腻的药物是,A.藿香,B.佩兰,C.青蒿,D.砂仁,E.香薷,B,E
83,砂仁的功效是,A.补气安胎,B.清热安胎,C.理气安胎,D.补肝肾安胎,E.止血安胎,C,C
84,茯苓的性味是,A.辛、苦、温,B.辛、苦、寒,C.甘、淡、平,D.苦、温,E.苦、寒,C,C
85,茯苓不治下列何证,A.水肿，小便不利,B.停饮所致头眩、心悸、咳嗽,C.脾虚体倦，食少便溏,D.热结便秘,E.心悸、失眠,D,D
86,用治寒热虚实各种水肿，为利水消肿要药的药物是,A.猪苓,B.茯苓,C.泽泻,D.滑石,E.车前子,B,C
87,下列哪项不是栀子的功效,A.清热凉血止血,B.清热泻火除烦,C.清热利湿退黄,D.清退虚火消蒸,E.清热解毒消肿,D,A
88,用治暑湿泄泻，利小便以实大便，宜选用的药物是,A.茯苓,B.猪苓,C.车前子,D.泽泻,E.木通,C,D
89,既能利水通淋，又能通经下乳的药物是,A.车前子,B.木通,C.麦芽,D.肉桂,E.泽泻,B,B
90,治疗尿赤心烦、口舌生疮者，宜选用的药物是,A.车前子,B.泽泻,C.茯苓,D.木通,E.猪苓,D,A
91,除哪项外，均是车前子的功效,A.利水通淋,B.利水消肿,C.清热解毒,D.清肺化痰,E.清肝明目,C,C
92,独活具有的功效是,A.活血,B.行气,C.化痰,D.泻下,E.解表,E,E
93,海金沙入汤剂的用法是,A.先煎,B.后下,C.烊化,D.包煎,E.冲服,D,E
94,使用注意中，有毒，用量不宜过大，也不宜久服，肾功能不全者及孕妇忌服的药物是,A.滑石,B.通草,C.木通,D.泽泻,E.石韦,C,C
95,既能利尿通淋，又能清热利湿，止痒的药物是,A.车前子,B.地肤子,C.篇蓄,D.瞿麦,E.泽泻,B,B
96,善治血淋，尿血的药物是,A.车前子,B.泽泻,C.石韦,D.草薜,E.木通,C,D
97,善治膏淋的药物是,A.车前子,B.滑石,C.萆薢,D.石韦,E.海金沙,C,A
98,泽泻具有的功效是,A.泻热,B.清肝,C.健脾,D.清肺,E.解暑,A,A
99,治疗湿热黄疸的最佳选药是,A.车前子,B.泽泻,C.茵陈,D.木通,E.石韦,C,C
100,牛膝具善下行之性，但此特点不能用于,腰膝瘦痛,口舌生疮,气喘咳嗽,难产、胞衣不下,阴虚阳亢眩晕,C,B
101,用治乳汁不通的活血祛瘀药组是,木通、川芎,川芎、桃仁,穿山甲、王不留行,王不留行、泽兰,泽兰、牛膝,C,B
102,具有行气消积功效的药物是,使君子,苦楝皮,槟榔,贯众,雷丸,C,C
103,性味苦微寒，善清大肠之火热而凉血止血的药物是,地榆,侧柏叶,生地黄,马勃,槐花,E,E
104,对于血热所致的各种出血证兼有瘀滞者，多选用的药物是,三七、白及,蒲黄、茜草,花蕊石、侧柏叶,血余炭、槐花,地榆、藕节,B,A
105,肺痈、肠痈初起属热邪瘀滞，在使用清热药同时，常佐用的药物是,贝母,桔梗,白及,桃仁,牛膝,D,C
106,一28岁女性，一天前不慎感受风寒，出现头痛、发热、恶寒、微汗，脉浮缓而结代。患者素有心悸、胸痛。临床宜选用下列何药治疗,麻黄配桂枝、生姜,荆芥配防风、紫苏,桂枝配白芍、甘草,羌活配藁本、细辛,生姜配葱白、甘草,C,A
107,男，30岁。发热恶寒，头身疼痛，鼻塞，无汗，脉浮紧。且伴咳喘日久，咯痰稀白量多，宜选何药配伍,桂枝,紫苏,麻黄,荆芥,薄荷,C,C
108,一女子，20岁。中午进食鱼虾、螃蟹等海鲜，傍晚自觉腹痛，恶心欲吐，大便稀溏，呈稀水样。宜选下列何药配伍治疗,香薷,紫苏,薄荷,葛根,延胡索,B,B
109,男，45岁。胸闷，咳嗽，咯吐痰涎，色白清稀，鼻塞流涕。宜选下列归何经的药物治疗,归肺经,归心经,归肝经,归膀胱经,归脾经,A,A
110,女，50岁。体弱多病，形体消瘦，气短乏力，纳食不香，头晕心悸;面色苍白，时嗳气，腹胀，经查诊断为胃下垂。该病在临床治疗上应选哪一类药物,味辛、升浮药,味甘、沉降药,味甘、升浮药,味酸、沉降药,味苦、沉降药,C,B
111,一患者，女性，32岁。寒热往来，胸胁苦满，口苦咽干，宜选下列何组配伍使用最好,柴胡配槟榔,柴胡配白芍,柴胡配黄芩,柴胡配葛根,柴胡配枳实,C,A
112,25岁初孕妇，妊娠8周，患病前来就诊，问下列除哪组药外，均是妊娠用药禁忌的,巴豆、牵牛、商陆,三棱、莪术、水蛭,斑蝥、麝香、虻虫,当归、阿胶、丹参,附子、干姜、肉桂,D,E
113,一男孩，5岁。发热39.5℃，咽喉肿痛，咳嗽，鼻塞流涕，头痛，面部和耳后有针头大小的丘疹，部分融合呈砖红色，或片状斑丘疹。诊断为麻疹初起，属风热外束肌表，宜选下列何组药物治疗,荆芥、防风、桂枝,麻黄、桂枝、荆芥,薄荷、牛蒡子、蝉蜕,葛根、桑叶、蔓荆子,柴胡、升麻、葛根,C,C
114,男，30岁。两目模糊，视物不清，目赤肿痛，多泪，头晕，头痛。宜选下列何组药物治疗,熟地黄、枸杞子、桑葚,菊花、桑叶、蝉蜕,牛蒡子、薄荷、辛夷,羌活、自芷、细辛,荆芥、防风、紫苏,B,B
115,女，30岁。感受风寒，始发热、恶寒、全身不适，头痛，鼻塞、香臭不闻、浊涕常流。查体：鼻窦部位疼痛、压痛、红肿，鼻充血，x线或透照均见鼻窦混浊。本例最恰当的治疗宜选下述何组药物,荆芥、防风、紫苏,藁本、白芷、细辛,柴胡、葛根、升麻,辛夷、细辛、白芷,薄荷、黄芩、麻黄,D,B
116,男孩，7岁。外感发热、烦渴、出汗、大热、脉洪大，宜选用的药组是,黄连、黄芩,竹叶、淡竹叶,石膏、知母,知母、黄柏,丹皮、赤芍,C,C
117,男，56岁。患咳嗽气喘四五年，时轻时重，近一月以来，出现晚上低热，自觉手足心发烫，心烦急躁，小便黄，宜用知母配伍的药物是,石膏,生地黄,天花粉,黄柏,玄参,D,E
118,男，25岁。头痛、咽痛三四天，出现心烦郁闷，燥扰不宁，夜不能寐，小便黄，舌尖红，脉数，宜选用的药组是,栀子、淡豆豉,黄连、黄芩,麻黄、石膏,栀子、黄柏,淡豆豉、葱白,A,A
119,伤寒邪在少阳，寒热往来、胸胁苦满、口苦、咽干，宜用柴胡配伍的药物是,栀子,黄芩,麻黄,黄柏,葛根,B,E
120,治疗温热病后期，阴分伏热，夜热早凉，热退无汗，首选的药物是,地骨皮,赤芍,牡丹皮,黄柏,生地黄,C,E
121,治疗小儿惊风，壮热神昏，痉挛抽搐，宜用的药物是,青黛,夏枯草,栀子,大青叶,薄荷,A,A
122,患儿，3岁。壮热不退，气急鼻煽，张口抬肩，摇身撷肚，口唇发绀，胸闷腹胀，大便秘结。治疗应在正确选方的基础上加,黄芩、连翘,天竺黄、全瓜蒌,丹参、红花,牛黄夺命散,桑白皮、沉香末,D,B
123,治疗实热积滞，内结肠胃，大便燥结，谵语发狂，宜用大黄配伍的药物是,栀子,黄芩,石膏,芒硝,番泻叶,D,D
124,治疗热结阴伤、大便燥结，宜用大黄配伍的药物是,生地、玄参,芒硝、甘草,附子、干姜,人参、当归,厚朴、枳实,A,B
125,女，28岁。外感咳嗽l0天，咳嗽气喘，大便习惯性便秘，舌质淡红，苔薄黄，脉滑略数。治疗宜选用的药物是,麻黄,杏仁,葶苈子,桂枝,石膏,B,B
126,女，35岁。3周前腰腿疼痛，近5天明显，尤其遇寒冷天气则疼痛加重。饮食尚可，二便正常，舌淡苔白，脉沉迟。最佳选药是,羌活,威灵仙,独活,桑寄生,秦艽,C,C
127,男，35岁。3周前突患肩臂疼痛，伴有麻木不仁、活动受限、受凉则痛势加重。西医诊断为“颈椎病”。舌淡苔白，脉沉细少力。最佳选药是,独活,桑寄生,羌活,秦艽,威灵仙,C,B
128,女，60岁。l个月前患腰腿疼痛，受凉后加重，劳累后加重，休息后可得以缓解。饮食尚可，二便正常，舌淡苔白，尺脉沉迟少力。最佳选药是,羌活,独活,桑寄生,秦艽,威灵仙,C,B
129,女，50岁。2周前突发小腿肌肉抽筋(腓肠肌痉挛)，近来发作频繁，尤以夜间为重，每因天气寒冷或衣被包裹不严而发作。西医诊断为“缺钙”。舌淡苔白，脉沉迟少力。最佳选药是,羌活,木瓜,独活,桑寄生,秦艽,B,E
130,男，20岁。5天前突发口眼蜗斜，左眼睑闭合不全，左侧抬头纹消失，左侧面部肌肉时而不自主抽搐。“CT”头部片未见脑血管病变。舌淡、苔白，脉弦。最佳选药是,羌活,独活,白花蛇,秦艽,威灵仙,C,B
131,男，89岁。久病卧床，近日来冷汗自出，四肢厥逆，面色苍白。检查：血压60/35mmHg，听诊心音微弱。舌淡苔白，脉微欲绝。最佳选药是,肉桂,干姜,附子,细辛,吴茱萸,C,C
132,患者男，36岁。近来因应酬太多，备感疲劳。畏寒，发热，头痛，恶心，呕吐，腹泻。舌质淡，苔白腻，脉象濡滑。最佳选药是,麻黄,桂枝,藿香,紫苏,薄荷,C,B
133,某男，中焦素寒，今不慎生冷，遂致胃脘冷痛，泛吐清水，不思饮食，舌苔白腻，宜以何药为主治疗,附子,肉桂,干姜,炮姜,细辛,C,A
134,某女，36岁。因“先兆流产”前来就诊。已妊娠两个半月，近日突然“见红”，并伴有恶心、呕吐、脘腹胀满、不思饮食。望诊：舌淡、苔白，脉滑。最佳选药是,生姜,半夏,砂仁,桑寄生,杜仲,C,B
135,患者，女，74岁。近来脘腹胀满，不思饮食，四肢乏力，心悸失眠，且常见下肢水肿，舌体胖大，边有齿痕，舌苔白薄，脉象虚弱。最佳选药是,白术,苍术,茯苓,厚朴,陈皮,C,A
136,女，46岁。近日来口舌生疮，小便短赤，伴烦躁失眠。舌质红，苔薄黄，脉细数。最佳选药是,牛黄,木通,黄连,茯苓,车前子,B,C
137,患者，男，61岁，久咳不止，咳声低微，少气乏力，痰少而干，痰中央有血丝，用药首选,人参,西洋参,黄芪,甘草,山药,B,E
138,女，50岁。近期常感腰痛，且有小便不畅症状。尿常规检查，见红细胞1～2个/HP。 B.超检查示：肾盂结石。最佳选药是,连翘,车前子,泽泻,金钱草,木通,D,D
139,女，45岁。以肉眼血尿前来就诊。尿常规检查示：红细胞满视野。并见有尿频、尿急、尿痛症状。肾8超检查未见异常。舌质红，舌苔薄黄，脉弦数。最佳选药是,车前子,泽泻,石韦,木通,金钱草,C,C
140,某男，49岁。近来每见小便开始或末尾尿液混浊，色如米泔，且常伴有小便不畅症状。西医诊断为“前列腺炎”。舌质淡，苔薄白，脉象弦滑。最佳选药是,木通,茯苓,萆薢,车前子,泽泻,C,D
141,男，29岁。近日来见全身皮肤发黄前来就诊。伴有发热，头痛，恶心，呕吐。西医诊断为“急性传染性黄疸型肝炎”。舌质红，苔黄腻，脉弦滑。最佳选药是,车前子,茵陈,泽泻,冬瓜皮,地肤子,B,B
142,患者，女，30岁，外感发热10天，经治疗热势已退，现夜热早凉，热退无汗，舌红 一少苔，脉细数，用药首选,地骨皮,赤芍,牡丹皮,黄柏,生地,C,E
143,女，40岁。近日来见脘腹冷痛，喜温喜按，恶心欲吐，大便溏泻，舌淡苔白，舌体胖大，边有齿痕，脉象沉细。最佳选药是,附子,肉桂,干姜,吴茱萸,小茴香,C,A
144,男，40岁。近来自觉腰腿怕冷，萎软无力，且有阳痿、早泄、尿频症状。舌淡苔白，脉沉迟少力。最佳选药是,干姜,细辛,肉桂,吴茱萸,小茴香,C,C
145,女，12岁。壮热不恶寒3天，体温常午后升高，夜间高于白天，烦躁时有谵语，舌红绛，脉细数滑，宜首选用的药物是,黄芩,石膏,薄荷,羚羊角,柴胡,D,D
146,男，70岁。慢性咳喘20年，近来病情加重，胸闷，咳喘，痰多色白，痰浊易咯，大便不畅，舌暗体胖，苔白厚腻，脉滑。宜首选的药物是,白前、前胡,杏仁、瓜蒌仁,苏子、莱菔子,陈皮、半夏,紫菀、款冬花,C,C
147,男，28岁。一周前外感表证，引起咳嗽，现无恶寒发热，但咳嗽明显，痰黄稠难咯，胸闷，大便干，小便黄，舌红苔黄腻，脉滑略数。宜首选的药物是,全瓜蒌、浙贝母、芦根,半夏、麻黄、五味子,桔梗、马勃、马兜铃,川贝、杏仁、白果,桑叶、杏仁、百部,A,A
148,女，63岁。慢性咳喘30年，近两年加重，常伴心悸怔忡，气不足以息。2天前因受风寒引发咳逆痰多，喘息不得卧，一身面目浮肿，舌暗胖，苔白腻略黄。治疗宜选用的药物是,葶苈子,麻黄,地龙,旋覆花,杏仁,A,D
149,患者，女，30岁，带下量多，色黄而稠，少腹隐痛，阴部瘙痒，舌苔黄腻，脉滑数，用药首选,清热泻火药,清热凉血药,清热燥湿药,清热解毒药,利水渗湿药,C,C
150,男，26岁。喘咳3年，每至春天春暖花开时哮喘发作，每伴少量黄稠痰，舌红苔黄，脉弦滑。常以麻黄、杏仁、石膏配伍的药物是,地龙,全蝎,蜈蚣,白僵蚕,白花蛇,A,A
151,患者，男，28岁，夜间外出着衣单薄，次日恶寒发热，头身疼痛，后背发凉，无汗，苔薄白，脉浮紧，用药首选,荆芥，防风,麻黄，桂枝,桂枝，白芍,羌活，白芷,紫苏，香薷,B,B
152,女，36岁。发热胸痛5天。见发热，胸痛，咳吐腥臭脓血痰，舌红苔腻，宜选用的药组是,桔梗、薏苡仁、鱼腥草,紫菀、款冬花、百部,桑叶、杏仁、枇杷叶,麻黄、杏仁、石膏,白果、川贝、杏仁,A,A
153,用治肺痨见咳嗽痰少，时有咳血，潮热，自汗盗汗，神疲乏力，舌红少苔，脉细数无力，最宜选用的药组是,川贝、百部、紫菀,陈皮、半夏、白芥子,苏子、莱菔子、白芥子,黄芩、瓜蒌、鱼腥草,麻黄、桑白皮、地龙,A,A
154,男，67岁。患高血压病15年，常有头晕头痛、失眠出现，近1月来，又感耳鸣耳聋、目昏，且渐渐加重，舌暗红有裂纹，苔黄略燥，脉弦有力。宜选用生地、白芍等配伍的药物是,酸枣仁、柏子仁,当归、川芎,胆南星、竹沥,磁石、朱砂,龙胆草、栀子,D,B
155,男，40岁。心悸失眠或多梦，时伴有梦遗1月余，伴心烦，自觉记忆力下降，舌红少苔，脉细数。治疗梦遗宜选用的药组是,五味子、乌梅,龙骨、牡蛎,石决明、珍珠母,紫贝齿、代赭石,琥珀、龙齿,B,E
156,用于肝热或肝经风热所致的目赤肿痛、羞明流泪，眵多色黄，首选桑叶、菊花配伍的药物是,决明子,石决明,钩藤,天麻,地龙,A,B
157,用于肝肾阴虚、肝阳上亢致，目赤肿痛、翳膜遮睛、视物昏糊等证，宜首选的药物是,决明子,车前草,石决明,牡蛎,琥珀,C,C
158,某患者近日感受风热之邪，咽喉肿痛，头痛面赤，常以荆芥、桑叶、木贼等配伍的药物是,白花蛇,羚羊角,全蝎,白僵蚕,地龙,D,D
159,女，30岁。皮疹瘙痒2周余。皮疹为红色粟粒状，每遇热或在阳光下即发，舌边尖红，苔薄白。治以祛风散热止痒，宜以蝉衣、薄荷等配伍的药物是,苦参,白僵蚕,地肤子,龙胆草,黄连,B,B
160,一大出血病人因元气虚极而出现体虚欲脱，脉微欲绝之症，治疗宜首选的药物是,人参,党参,黄芪,柴胡,附子,A,E
161,一孕妇有疲乏倦怠、嗜睡懒言、四肢乏力、胎动不安之症，治疗宜首选的药物是,桑寄生,续断,杜仲,紫苏,白术,E,A
162,患者小便短数，灼热刺痛，色黄赤，舌苔黄腻脉濡数。治疗适用,大蓟,地榆,槐花,白茅根,侧柏叶,D,C
163,一久病患者，见消瘦乏力、面色萎黄、畏寒肢冷、腰疫遗精、眩晕耳鸣，治疗宜首选的用药是,冬虫夏草,胡桃肉,紫河车,菟丝子,沙苑子,C,D
164,一女性患者见面色萎黄、经期后愆、行经腹痛、痛处固定、遇温痛减，治疗宜首选的用药是,当归,熟地黄,何首乌,自芍,阿胶,A,A
165,一患者腰膝疫软冷痛，小便清长，腹痛便秘。治疗宜首选的药物是,雄黄,磁石,明矾,硼砂,硫黄,E,E
166,一患者患风湿顽痹，肢体麻木瘫痪，不慎又将上肢前臂摔伤，现肢体肿胀，疼痛，治疗宜首选的药物是,蛇床子,马钱子,车前子,葶苈子,覆盆子,B,B
167,患者，男，75岁，胸闷气短，少气懒言，舌质淡，脉结代。首选用药,党参,黄芪,山药,白术,炙甘草,E,D
168,一男性，病少阴虚寒证数载，今吐泻之后，见四肢逆冷、大汗淋漓、呼吸微弱、脉微欲绝。宜首选何药主治,干姜,附子,肉桂,山萸肉,煅龙骨,B,B
169,患者，女，28岁，妊娠3月，腰痛如折，小腹下坠。首选用药,川牛膝,杜仲,五加皮,肉苁蓉,独活,B,B
170,生姜具有的功效是,散寒解表，利水消肿,散寒解表，温经通阳,散寒解表，消肿排脓,散寒解表，解鱼蟹毒,散寒解表，温中止呕,E,E
171,麻黄具有的功效是,散寒解表，利水消肿,散寒解表，温经通阳,散寒解表，消肿排脓,散寒解表，解鱼蟹毒,散寒解表，温中止呕,A,A
172,紫苏具有的功效是,散寒解表，利水消肿,散寒解表，温经通阳,散寒解表，消肿排脓,散寒解表，解鱼蟹毒,散寒解表，温中止呕,D,A
173,白芷具有的功效是,散寒解表，利水消肿,散寒解表，温经通阳,散寒解表，消肿排脓,散寒解表，解鱼蟹毒,散寒解表，温中止呕,C,C
174,桂枝具有的功效是,散寒解表，利水消肿,散寒解表，温经通阳,散寒解表，消肿排脓,散寒解表，解鱼蟹毒,散寒解表，温中止呕,B,B
175,柴胡具有的功效是,疏散风热，清利头目,疏散风热，熄风止痉,疏散风热，解毒透疹,疏散风热，清肝明目,疏散风热，疏肝解郁,E,E
176,桑叶具有的功效是,疏散风热，清利头目,疏散风热，熄风止痉,疏散风热，解毒透疹,疏散风热，清肝明目,疏散风热，疏肝解郁,D,D
177,蝉蜕具有的功效是,疏散风热，清利头目,疏散风热，熄风止痉,疏散风热，解毒透疹,疏散风热，清肝明目,疏散风热，疏肝解郁,B,A
178,牛蒡子具有的功效是,疏散风热，清利头目,疏散风热，熄风止痉,疏散风热，解毒透疹,疏散风热，清肝明目,疏散风热，疏肝解郁,C,C
179,薄荷具有的功效是,疏散风热，清利头目,疏散风热，熄风止痉,疏散风热，解毒透疹,疏散风热，清肝明目,疏散风热，疏肝解郁,A,A
180,蝉蜕具有的功效是,透疹，利咽消肿,透疹，利咽清利头目,透疹，明目退翳,透疹，解热生津,透疹，清热解毒,C,A
181,牛蒡子具有的功效是,透疹，利咽消肿,透疹，利咽清利头目,透疹，明目退翳,透疹，解热生津,透疹，清热解毒,A,A
182,薄荷具有的功效是,透疹，利咽消肿,透疹，利咽清利头目,透疹，明目退翳,透疹，解热生津,透疹，清热解毒,B,B
183,葛根具有的功效是,透疹，利咽消肿,透疹，利咽清利头目,透疹，明目退翳,透疹，解热生津,透疹，清热解毒,D,A
184,升麻具有的功效是,透疹，利咽消肿,透疹，利咽清利头目,透疹，明目退翳,透疹，解热生津,透疹，清热解毒,E,A
185,桂枝应用于治疗的病证是,风寒湿痹，外感风寒，喘咳,风寒湿痹，外感风寒，胸痹,风寒湿痹，外感风寒，破伤风,风寒湿痹，外感风寒，鼻渊,风寒湿痹，外感风寒，上半身疼痛,B,A
186,麻黄应用于治疗的病证是,风寒湿痹，外感风寒，喘咳,风寒湿痹，外感风寒，胸痹,风寒湿痹，外感风寒，破伤风,风寒湿痹，外感风寒，鼻渊,风寒湿痹，外感风寒，上半身疼痛,A,A
187,防风应用于治疗的病证是,风寒湿痹，外感风寒，喘咳,风寒湿痹，外感风寒，胸痹,风寒湿痹，外感风寒，破伤风,风寒湿痹，外感风寒，鼻渊,风寒湿痹，外感风寒，上半身疼痛,C,A
188,苍耳子应用于治疗的病证是,风寒湿痹，外感风寒，喘咳,风寒湿痹，外感风寒，胸痹,风寒湿痹，外感风寒，破伤风,风寒湿痹，外感风寒，鼻渊,风寒湿痹，外感风寒，上半身疼痛,D,D
189,羌活应用于治疗的病证是,风寒湿痹，外感风寒，喘咳,风寒湿痹，外感风寒，胸痹,风寒湿痹，外感风寒，破伤风,风寒湿痹，外感风寒，鼻渊,风寒湿痹，外感风寒，上半身疼痛,E,A
190,葛根最适宜治疗的病证是,外感风热，麻疹初起，肝经风热，目赤多泪，破伤风证,外感风热，麻疹初起，热毒疮肿,外感风热，麻疹初起，湿热泻痢，热病烦渴,少阳证，肝气郁结，气虚下陷,外感风热，肝经风热，肝阳上亢，头晕头痛,C,A
191,柴胡最适宜治疗的病证是,外感风热，麻疹初起，肝经风热，目赤多泪，破伤风证,外感风热，麻疹初起，热毒疮肿,外感风热，麻疹初起，湿热泻痢，热病烦渴,少阳证，肝气郁结，气虚下陷,外感风热，肝经风热，肝阳上亢，头晕头痛,D,A
192,蝉蜕最适宜治疗的病证是,外感风热，麻疹初起，肝经风热，目赤多泪，破伤风证,外感风热，麻疹初起，热毒疮肿,外感风热，麻疹初起，湿热泻痢，热病烦渴,少阳证，肝气郁结，气虚下陷,外感风热，肝经风热，肝阳上亢，头晕头痛,A,A
193,菊花最适宜治疗的病证是,外感风热，麻疹初起，肝经风热，目赤多泪，破伤风证,外感风热，麻疹初起，热毒疮肿,外感风热，麻疹初起，湿热泻痢，热病烦渴,少阳证，肝气郁结，气虚下陷,外感风热，肝经风热，肝阳上亢，头晕头痛,E,A
194,牛蒡子最适宜治疗的病证是,外感风热，麻疹初起，肝经风热，目赤多泪，破伤风证,外感风热，麻疹初起，热毒疮肿,外感风热，麻疹初起，湿热泻痢，热病烦渴,少阳证，肝气郁结，气虚下陷,外感风热，肝经风热，肝阳上亢，头晕头痛,B,A
195,栀子的功效是,清热泻火，除烦止渴,清热泻火，滋阴润燥,清热生津，止呕除烦,清热生津，消肿排脓,泻火除烦，凉血利湿,E,A
196,石膏的功效是,清热泻火，除烦止渴,清热泻火，滋阴润燥,清热生津，止呕除烦,清热生津，消肿排脓,泻火除烦，凉血利湿,A,A
197,天花粉的功效是,清热泻火，除烦止渴,清热泻火，滋阴润燥,清热生津，止呕除烦,清热生津，消肿排脓,泻火除烦，凉血利湿,D,C
198,芦根的功效是,清热泻火，除烦止渴,清热泻火，滋阴润燥,清热生津，止呕除烦,清热生津，消肿排脓,泻火除烦，凉血利湿,C,C
199,知母的功效是,清热泻火，除烦止渴,清热泻火，滋阴润燥,清热生津，止呕除烦,清热生津，消肿排脓,泻火除烦，凉血利湿,B,A
200,紫花地丁善于治疗的病证是,乳痈,肠痈,肺痈,疔毒,大头瘟毒,D,D
201,板蓝根善于治疗的病证是,乳痈,肠痈,肺痈,疔毒,大头瘟毒,E,C
202,蒲公英善于治疗的病证是,乳痈,肠痈,肺痈,疔毒,大头瘟毒,A,A
203,鱼腥草善于治疗的病证是,乳痈,肠痈,肺痈,疔毒,大头瘟毒,C,C
204,红藤善于治疗的病证是,乳痈,肠痈,肺痈,疔毒,大头瘟毒,B,D
205,治疗睾丸偏坠胀痛，应选用,丁香,细辛,花椒,小茴香,高良姜,D,D
206,治疗肾阳不足之阳痿，应选用,丁香,细辛,花椒,小茴香,高良姜,A,E
207,善行脾胃气滞的药物是,陈皮,青皮,香附,沉香,薤白,A,A
208,善疏肝胆气滞的药物是,陈皮,青皮,香附,沉香,薤白,B,A
209,既可行气疏肝，又可调经止痛的药物是,陈皮,青皮,香附,沉香,薤白,C,C
210,可纳气平喘的药物是,陈皮,青皮,香附,沉香,薤白,D,D
211,善治胸痹的药物是,陈皮,青皮,香附,沉香,薤白,E,E
212,善治热淋的药物是,木通,石苇,金钱草,萆薢,茵陈,A,C
213,善治血淋的药物是,木通,石苇,金钱草,萆薢,茵陈,B,C
214,偏于健脾的药物是,赤茯苓,白茯苓,茯苓皮,茯神,猪苓,B,A
215,偏于利水的药物是,赤茯苓,白茯苓,茯苓皮,茯神,猪苓,A,C
216,专门利水的药物是,赤茯苓,白茯苓,茯苓皮,茯神,猪苓,C,E
217,偏于安神的药物是,赤茯苓,白茯苓,茯苓皮,茯神,猪苓,D,D
218,长于安神的药物是,赤茯苓,白茯苓,茯苓皮,茯神,猪苓,E,D
219,善治上肢风寒湿痹的药物是,羌活,独活,木瓜,防己,五加皮,A,B
220,善治下肢风寒湿痹的药物是,羌活,独活,木瓜,防己,五加皮,B,B
221,善治湿痹、筋脉拘挛、吐泻转筋的药物是,羌活,独活,木瓜,防己,五加皮,C,C
222,善治风湿热痹的药物是,羌活,独活,木瓜,防己,五加皮,D,A
223,风湿痹证，肝肾不足两者所致的腰腿疼痛均可应用的药物是,羌活,独活,木瓜,防己,五加皮,E,E
224,既祛风湿，又治骨鲠的药物是,威灵仙,秦艽,桑寄生,白花蛇,蚕砂,A,B
225,既祛风湿，又退虚热的药物是,威灵仙,秦艽,桑寄生,白花蛇,蚕砂,B,B
226,既祛风湿，又补肝肾的药物是,威灵仙,秦艽,桑寄生,白花蛇,蚕砂,C,C
227,既祛风湿，又熄风定惊的药物是,威灵仙,秦艽,桑寄生,白花蛇,蚕砂,D,D
228,既祛风湿，又和胃化浊的药物是,威灵仙,秦艽,桑寄生,白花蛇,蚕砂,E,B
229,莱菔子的功效是,消食健胃，和中止泻,消食化积，化痰除痞,消食和中，回乳消胀,消食化积，降气化痰,消食健胃，清热解毒,D,A
230,麦芽的功效是,消食健胃，和中止泻,消食化积，化痰除痞,消食和中，回乳消胀,消食化积，降气化痰,消食健胃，清热解毒,C,C
231,治尿血、血淋涩痛宜选用的药物是,蒲黄,地榆,大蓟,侧柏叶,羊蹄,A,E
232,治下焦血热所致出血证宜选用的药物是,蒲黄,地榆,大蓟,侧柏叶,羊蹄,B,C
233,除哪项外，均为止血药的常用配伍,滋阴潜阳药,清热凉血药,温阳、益气、健脾药,行气和营药,苦寒泻下药,E,A
234,活血化瘀药治疗跌打损伤宜配伍的药物是,滋阴潜阳药,清热凉血药,温阳、益气、健脾药,行气和营药,苦寒泻下药,B,D
235,宿食积滞不下，郁而化热者，应选用消食药配伍的药物是,滋阴潜阳药,清热凉血药,温阳、益气、健脾药,行气和营药,苦寒泻下药,E,D
236,既能祛风湿，又能消骨鲠的药物是,威灵仙,防己,狗脊,独活,木瓜,A,A
237,既能祛风湿，又能强腰膝的药物是,威灵仙,防己,狗脊,独活,木瓜,C,C
238,皆能活血行气的药组是,川芎、延胡索,没药、红花,益母草、牛膝,水蛭、虻虫,血竭、儿茶,A,A
239,皆能活血通经、利水的药组是,川芎、延胡索,没药、红花,益母草、牛膝,水蛭、虻虫,血竭、儿茶,C,C
240,既能活血疗伤，又能止血生肌的药组是,川芎、延胡索,没药、红花,益母草、牛膝,水蛭、虻虫,血竭、儿茶,E,B
241,具有破血消癥作用的药组是,川芎、延胡索,没药、红花,益母草、牛膝,水蛭、虻虫,血竭、儿茶,D,D
242,旋覆花入煎剂宜,先煎,后下,研末冲服,包煎,同煎,D,E
243,石决明入煎剂宜,先煎,后下,研末冲服,包煎,同煎,A,E
244,琥珀的使用宜,先煎,后下,研末冲服,包煎,同煎,C,C
245,海蛤粉的使用宜,先煎,后下,研末冲服,包煎,同煎,D,E
246,杏仁入煎剂宜,先煎,后下,研末冲服,包煎,同煎,B,E
247,痰湿咳嗽，宜选用的药物是,半夏,瓜蒌,白芥子,川贝母,桔梗,A,A
248,寒痰壅滞，宜选用的药物是,半夏,瓜蒌,白芥子,川贝母,桔梗,C,C
249,痰热咳嗽，宜选用的药物是,半夏,瓜蒌,白芥子,川贝母,桔梗,B,D
250,阴虚燥咳，宜选用的药物是,半夏,瓜蒌,白芥子,川贝母,桔梗,D,D
251,肺痈吐脓，排脓宜选用的药物是,半夏,瓜蒌,白芥子,川贝母,桔梗,E,C
252,用于痰湿阻滞经络所致的肢体关节疼痛、麻木、阴疽流注，应选用的药物是,羚羊角,天南星,天麻,地龙,白芥子,E,E
253,用于湿热痹阻经络所致肢体、关节红肿疼痛、屈伸不利，应选用的药物是,羚羊角,天南星,天麻,地龙,白芥子,D,B
254,用于高热惊厥，手足抽搐者，应选用的药物是,羚羊角,天南星,天麻,地龙,白芥子,A,A
255,用于中风痰壅、口眼喁斜，破伤风之证者，宜选用的药物是,羚羊角,天南星,天麻,地龙,白芥子,B,E
256,用于风湿痹痛之肢体麻木、手足不遂者，宜选用的药物是,羚羊角,天南星,天麻,地龙,白芥子,C,C
257,治疗肝火上炎，大便秘结宜用,大黄,芦荟,甘遂,巴豆霜,火麻仁,B,B
258,治疗水肿臌胀，兼有便秘宜用,大黄,芦荟,甘遂,巴豆霜,火麻仁,C,E
259,既能利水通淋，又能利湿退黄的药是,车前子,泽泻,金钱草,木通,茯苓,C,A
260,附子回阳救逆常配伍的药物是,人参,肉桂,鹿茸,干姜,生姜,D,B
261,附子人汤剂的用法是,另煎,后下,先煎,烊化,冲服,C,C
262,称为“回阳救逆第一品药”的药物是,人参,肉桂,鹿茸,附子,干姜,D,D
263,既能温中回阳，又可温肺化饮的药物是,生姜,干姜,肉桂,花椒,丁香,B,C
264,人汤剂宜后下的药物是,附子,肉桂,干姜,吴茱萸,小茴香,B,E
265,既可温中，又能解半夏、南星、鱼蟹之毒的药物是,细辛,干姜,附子,生姜,肉桂,D,B
266,善治厥阴头痛的药物是,藁本,白芷,吴茱萸,细辛,蔓荆子,C,C
267,既能消食化积，又能行气散瘀的药物是,麦芽,番泻叶,谷芽,郁李仁,山楂,E,E
268,麦芽与谷芽的共同主治证是,断乳乳房胀痛,脘腹冷痛,肝胃不和之胁痛,肾虚遗精,米面薯芋食滞证,E,E
269,既能治蛔虫、蛲虫证，又善疗小儿疳疾的药物是,使君子,苦楝皮,鸡内金,贯众,槟榔,A,A
270,治疗脾虚便溏尤应慎用的药物是,石膏,芦根,知母,天花粉,淡竹叶,A,A
271,有凉血止血散瘀之功，尤宜用于尿血的药物是,白茅根,小蓟,血余炭,地榆,茜草,B,B
272,具有散瘀消痈功效的药物是,大蓟,地榆,槐花,白茅根,侧柏叶,A,A
273,蒲黄入汤剂的用法是,先煎,后下,局服,布包煎,久煎,D,E
274,为“血中气药”、能“下调经水，中开郁结”的药物是,川芎,延胡索,牛膝,红花,丹参,A,B
275,兼有消肿生肌功效的活血祛瘀药是,乳香、没药,三棱、莪术,煅石膏、牡丹皮,白芷、丹参,血竭、儿茶,A,A
276,醋制延胡索的目的是为了,增强活血作用,增强行气作用,加强止痛之功,减低苦味,降低毒性,C,E
277,以下哪种说法是错误的,三棱入汤剂应先煎,五灵脂人汤剂宜包煎,鸡血藤膏入汤剂宜烊化,自然铜煅研细末入散剂,虻虫应研末吞服,A,A
278,下列除哪味药外，均为兼行气作用的活血化瘀药,川芎,郁金,姜黄,延胡索,丹参,E,E
279,既能活血通经，又为妇科经产之要药的是,当归,川芎,香附,益母草,鸡血藤,D,A
280,牛膝不具以下哪种功效,活血祛瘀,祛风湿,强筋骨,利尿通淋,引血下行,B,E
281,具有活血化瘀，凉血消痈，养血安神等作用的药物是,大蓟,川芎,丹参,远志,磁石,C,C
282,可燥湿化痰，降逆止呕的药物是,陈皮,半夏,莱菔子,芦根,全瓜蒌,B,B
283,旋覆花入汤剂的用法是,先煎,包煎,后下,冲服,烊化,B,B
284,治痰浊痹阻、胸阳不振之胸痹，常以全瓜蒌配伍的药物是,丹参,桔梗,薤白,前胡,白前,C,C
285,百部的主要功效是,化痰,止咳,平喘,清肺,泻肺,B,A
286,功可泻肺平喘，利尿消肿的药物是,白果,桑白皮,黄芩,麻黄,泽泻,B,E
287,治疗久咳虚喘之证，宜选用的药物是,桑白皮,葶苈子,白果,莱菔子,马兜铃,C,C
288,平肝降逆宜生用，止血宜煅用的药物是,石决明,牡蛎,磁石,朱砂,代赭石,E,D
289,石决明与草决明的共同功效是,润肠通便,清肝明目,熄风止痉,降气化痰,纳气平喘,B,B
290,下列忌火煅的药物是,牡蛎,珍珠,朱砂,磁石,龙骨,C,C
291,关于龙骨，正确的说法是,龙骨是龙的骨骼,龙骨是龙的化石,龙骨为大型哺乳动物骨骼的化石,龙骨是一种贝壳,龙骨是一种铁矿石,C,C
292,羚羊角粉内服的每次剂量是,1～3g,0.3～0.5g,0.1～0.3g,0.03～0.06g,3～5g,B,A
293,具有镇心定惊，清肝除翳，收敛生肌作用的药物是,珍珠,龙骨,牡蛎,石决明,蝉蜕,A,E
294,地龙与麻黄的共同功效是,散寒，除痹,解表，通络,平喘，利尿,通窍，解毒,熄风，止痛,C,C
295,麝香的功效是,开窍醒神，活血止痛,开窍醒神，清热止痛,开窍醒神，辟秽祛浊,开窍宁神，化湿和胃,开窍醒神，清心化痰,A,A
296,牛黄与天竺黄的共同功效是,清心开窍，清热解毒,生津止渴，润燥除烦,平肝熄风，清热利尿,清心除烦，清胃止呕,清心定惊，清热化痰,E,A
297,桔梗的作用是,润肺止咳，下气化痰,宣肺利咽，清肺化痰,宣肺利咽，祛痰排脓,降气止咳，祛痰排脓,降气止呕，祛痰排脓,C,A
298,石菖蒲与远志的共同作用是,开窍宁神,化湿和胃,养心安神,祛痰止咳,消痈散肿,A,A
299,下列不具有润肠通便作用的药物是,桃仁,柏子仁,杏仁,酸枣仁,火麻仁,D,D
300,下列具有利尿作用的药物是,苏子,莱菔子,决明子,白芥子,葶苈子,E,C
301,桑白皮用于治疗的病证是,肺热咳喘，痰多壅盛,风寒咳喘，呼吸困难,寒饮咳喘，胸痛背寒,燥热伤肺，痰少难咯,目暗不明，目赤肿痛,A,A
302,性平无毒的熄风止痉药物是,牛黄,天麻,全蝎,地龙,羚羊角,B,B
303,白僵蚕具有的功效是,收敛生肌,明目去翳,解毒散结,燥湿化痰,消痰行水,D,A
304,钩藤入煎剂的正确用法是,冲服,包煎,先煎,不宜久煎,另煎,D,D
305,既能用于寒性慢惊，也能用于热性急惊抽搐的药物是,羚羊角,牛黄,天麻,地龙,罗布麻,C,B
306,黄芩具有而黄柏不具有的功效是,燥湿,泻火,解毒,止血,退虚热,D,B
307,龙骨与牡蛎的共同功效是,平肝潜阳，清肝明目,平肝潜阳，纳气平喘,平肝潜阳，软坚散结,平肝潜阳，收敛固涩,平肝潜阳，清热利尿,D,D
308,用治血不养心引起的虚烦不眠、惊悸怔忡之证，宜选用的药组是,酸枣仁、柏子仁,石菖蒲、远志,合欢皮、龙齿,朱砂、磁石,珍珠母、琥珀,A,A
309,刺蒺藜和菊花的共同功效是,疏散风热，清热解毒,疏散风热，平肝明目,疏肝解郁，平抑肝阳,疏肝解郁，清热解毒,疏散风热，凉血止血,B,B
310,“十八反”中，与乌头相反的药物是,半夏,甘草,牛黄,人参,陈皮,A,C
311,胆南星的功效是,燥湿化痰，祛风止痉,清化热痰，熄风定惊,燥湿化痰，降逆止呕,清化热痰，除烦止呕,清肺止咳，润肺化痰,B,A
312,用治肺虚久咳、痰少咽燥之证，宜选用的药物是,浙贝母,川贝母,陈皮,黄芩,牛蒡子,B,B
313,近年来用治乙脑、流脑之高热、痰迷、呕吐，可频服的药物是,石菖蒲,冰片,半夏,竹沥,竹茹,D,B
314,人参的功效是,大补元气，健脾和胃，滋阴润燥，安神增智,大补元气，健脾益‘肾，生津止渴，安神增智,大补元气，健脾柔肝，滋阴润燥，安神增智,大补元气，健脾益肺，生津止渴，安神增智,大补元气，健脾养心，滋阴润燥，安神增智,D,A
315,具有补气养阴，清火生津作用的药物是,玄参,苦参,丹参,太子参,西洋参,E,E
316,黄芪的功效是,补气助阳，益卫固表，托毒生肌，燥湿利水,补气助阳，益卫固表，托毒生肌，利水退肿,补气升阳，益卫固表，托毒生肌，利水退肿,补气升阳，止汗安胎，托毒生肌，利水退肿,补气升阳，固摄安胎，托毒生肌，利水退肿,C,A
317,具补气健脾，燥湿利水，止汗安胎功效的药物是,砂仁,苍术,白术,山药,大枣,C,C
318,山药的功效是,益气养阴，补脾肾肺,益气养血，补心肝脾,益气助阳，补肺脾肾,益气升阳，补肺脾肾,益气养阴，补脾肝肾,A,A
319,甘草的功效是,补脾，健胃，缓急，和药,补脾，养心，缓急，和药,和胃，补肾，缓急，和药,养心，补肝，缓急，和药,补脾，润肺，缓急，和药,E,A
320,鹿茸的功效是,补肾阴，益精血，强筋骨,补肾阳，益精血，强筋骨,补肾阴，祛风湿，强筋骨,补肾阳，强筋骨，祛风湿,补肾阴，强筋骨，止胎动,B,A
321,具有温肾壮阳，祛寒除湿作用的药物是,巴戟天,仙茅,淫羊藿,杜仲,桑寄生,B,C
322,杜仲与续断的共同功效是,补肝肾,续筋骨,清虚热,行血脉,祛风湿,A,B
323,补骨脂的功效是,补肾壮阳，温脾开胃，匿精缩尿,补肾壮阳，摄涎止唾，温脾止泻,补肾壮阳，摄涎止唾，固精缩尿,补肾壮阳，固精缩尿，暖肝和胃,补肾壮阳，固精缩尿，温脾止泻,E,A
324,冬虫夏草的功效是,益肾，补脾，止血，止泻,益肾，养心，止血，安神,益肾，养肝，止血，止痛,益肾，补肺，止血，化痰,益肾，和胃，止血，止呕,D,A
325,蛤蚧的功效是,补肺气，助肾阳，定喘咳,补肺气，助肾阳，益精血,补肺气，定喘嗽，益精血,助肾阳，定喘嗽，益精血,补肺气，助肾阳，定喘咳，益精血,E,E
326,能够补精，养血，益气的药物是,紫河车,菟丝子,淫羊藿,蛤蚧,冬虫夏草,A,B
327,具有行气调中止痛功效的药物是,柿蒂,木香,香附,乌药,薤白,B,B
328,当归的功效是,补血，止血，止痛，止泻,补血，止血，止痛，润肠,补血，活血，止血，止泻,补血，活血，止痛，止泻,补血，活血，止痛，润肠,E,C
329,熟地黄的功效是,凉血，滋阴，补精,养血，滋阴，补精,活血，滋阴，补精,滋阴，补精，益髓,凉血，补精，益髓,B,D
330,具有补血，截疟，润肠作用的药物是,生地黄,熟地黄,当归,何首乌,白芍,D,D
331,具有养血，柔肝，平肝功效的药物是,白芍,赤芍,天麻,柴胡,白术,A,A
332,阿胶的功效是,补血，止血，滋阴，润肺,补血，行血，滋阴，润肺,补血，止血，滋阴，柔肝,补血，行血，滋阴，柔肝,补血，止血，滋阴，温肺,A,A
333,麦门冬的功效是,润肺，益肾，养肝,润肺，益胃，养肝,润肺，益肾，清心,润肺，益胃，清心,润肺，益肾，益胃,D,A
334,能够滋补肝肾，明目，润肺的药物是,石斛,玉竹,黄精,百合,枸杞子,E,E
335,能够滋阴益肾，凉血止血的药物是,桑葚,墨旱莲,女贞子,枸杞子,沙苑子,B,B
336,龟甲的功效是,滋阴潜阳，软坚散结，养血补心,滋阴潜阳，熄风止痉，养血补心,滋阴潜阳，益肾健骨，养血补心,滋阴潜阳，重镇安神，养血补心,滋阴潜阳，降逆止呕，养血补心,C,A
337,能够敛肺，涩肠，敛汗，止遗的药物是,乌梅,浮小麦,麻黄根,金樱子,五味子,E,E
338,乌梅的功效是,敛肺，涩肠，止遗，安蛔,敛肺，止带，止遗，安蛔,敛肺，涩肠，生津，安蛔,敛肺，涩肠，止血，安蛔,敛肺，止带，止血，安蛔,C,A
339,可敛肺，敛汗，止血的药物是,五味子,五倍子,乌梅,椿皮,诃子,B,D
340,具有生津止渴功效的药物是,生地黄,牡丹皮,赤芍,紫草,金银花,A,A
341,莲子与芡实的共同功效是,固崩止带,养心安神,固表止汗,敛肺止咳,益肾固精,E,E
342,能够补肾阴，补肾阳，固肾精的药物是,赤石脂,肉豆蔻,罂粟壳,山茱萸,桑螵蛸,D,D
343,内服涌吐热痰、宿食、外用研末吹鼻，可引去湿热的药物是,瓜蒂,常山,胆矾,藜芦,蜀漆,A,A
344,内服壮阳通便，外用杀虫止痒的药物是,硫磺,雄黄,明矾,蜂房,硼砂,A,A
345,具有明目去翳，收湿生肌功效的药物是,硼砂,明矾,炉甘石,芒硝,雄黄,C,C
346,肉豆蔻与白豆蔻均具有的功效是,涩肠止泻，下气平喘,温中散寒，行气消胀,温中行气，燥湿止带,收敛固涩，制酸止痛,涩肠止泻，敛肺止咳,B,A
347,马钱子的功效是,通络散结，消肿定痛,通络散结，攻毒祛腐,强筋健骨，消肿定痛,强筋健骨，通络散结,强筋健骨，祛风除湿,A,B
348,既能杀虫止痒，又能燥湿，温肾壮阳的药物是,明矾,露蜂房,炉甘石,硫黄,蛇床子,E,D
349,具有消痰化瘀，软坚散结，制酸止痛功效的药物是,龙骨,牡蛎,瓦楞子,赤石脂,禹余粮,C,B
350,用治怀胎蕴热、胎漏淋漓不止者，宜选用的药物是,桑寄生,苎麻根,苏梗,续断,砂仁,B,B
351,临床使用活血化瘀药治疗癥瘕痞块，最宜配伍哪种药,温里祛寒药,清热凉血药,燥湿化痰药,化痰软坚散结药,行气和营药,D,D
352,既可用于热病神昏、癫痫痰闭证，又可用治肝胆湿热黄疸证的药物是,姜黄,茵陈蒿,郁金,丹参,虎杖,C,B
353,能“行血中气滞、气中血滞，专治一身上下诸痛”的药物是,川芎,延胡索,柴胡,丹参,五灵脂,B,B
354,功能活血行气，善治风湿肩臂疼痛的药物是,羌活,姜黄,延胡索,秦艽,桂枝,B,B
355,对于出血兼有瘀滞者，应首选的药物是,三七,白及,槐花,地榆,紫珠,A,B
356,治疗产后瘀滞腹痛，伴身面浮肿、小便不利者，当选用的药物是,当归、泽泻,赤芍、红花,桃仁、王不留行,益母草、泽兰,牛膝、刘寄奴,D,E
357,治疗咳嗽痰多，痰中带血，伴有月经淋漓不止者，宜选用的药物是,大蓟,小蓟,地榆,紫珠,侧柏叶,E,A
358,治疗下焦虚寒、腹中冷痛、经血持续半月未止者，宜选用的药物是,地榆,茜草,艾叶,干姜,侧柏叶,C,C
